label,anatomy,,,isomap,,,MDS,,,tsne,,,PLACE,Q
10,150.72,153.15,74.566,-0.49619099,0.96247631,-0.80074936,-1.233399839,-0.421162058,-0.117264578,9.073916871,-20.75733883,7.748680151,7,3
10,151.45,147.45,70.148,-0.45292398,0.90151733,-0.63221622,-1.123133026,-0.383780019,-0.096038469,10.06726555,-19.51649621,9.319103089,7,3
10,142.31,157.63,73.415,-0.42135075,0.9273442,-1.0501647,-1.393410859,-0.398809278,-0.223592323,7.527412937,-22.56699266,4.229244262,7,3
10,139.97,150.03,71.576,-0.44836473,0.86140275,-0.73474687,-1.211725293,-0.382914647,-0.141022521,10.01969269,-20.41507291,7.352093036,7,3
10,135.46,162.17,71.701,-0.2364648,0.7734105,-1.2257848,-1.568071098,-0.298743588,-0.464800498,7.220746746,-24.79456292,-1.400960114,7,8
10,130.56,155.88,69.944,-0.29899457,0.76389295,-1.0517045,-1.466934254,-0.340782401,-0.389143197,8.816145601,-23.18153744,2.08925901,7,3
10,126.95,167.94,67.033,-0.32291043,0.60076272,-1.0225116,-1.377438478,-0.314740068,-0.511768423,9.248047666,-23.13869279,1.833324926,7,2
10,123.22,161.91,66.501,-0.48130593,0.55479425,-0.97878766,-1.219834648,-0.390486551,-0.466184111,8.69873697,-22.36978731,3.932105729,7,2
11,142.31,164.03,86.68,-0.25709346,0.75853318,-1.0779724,-1.427434897,-0.291879495,-0.355573729,7.181123957,-23.22613095,0.611591382,7,3
11,186.98,156.58,74.413,-0.6249736,1.2503606,-0.13111317,-1.011608817,-0.51926492,0.300637586,16.57717357,0.89737437,27.48430854,7,3
11,180.91,158.67,80.094,-0.5275346,0.84710681,-0.32174432,-0.927222567,-0.400436403,0.02333662,10.18433671,-17.97702077,11.40603084,7,3
11,172.76,159.39,85.472,-0.5839147,0.64768118,-0.17607781,-0.664266437,-0.37225179,-0.034364193,10.13083207,-16.42466243,13.49853295,7,3
11,174.28,152.8,76.848,-0.82016635,1.0182788,0.30651602,-0.471393676,-0.466202483,0.412594013,13.17848346,0.104367984,29.45982334,7,3
11,160.82,161.13,88.312,-0.34504485,0.74310648,-0.92445385,-1.209904906,-0.298530101,-0.289762153,6.370105334,-22.09023486,3.188357264,7,3
11,163.64,155.45,82.654,-0.65635097,0.52624524,0.068650231,-0.289763261,-0.343068925,0.115687693,11.34265209,-3.091770856,28.50164231,7,3
12,180.21,165.25,70.244,-0.81176525,1.5201424,0.3262049,-0.768805836,-0.625636047,0.552264938,15.82923367,1.998797436,28.94495532,6,3
12,173.78,161.55,66.354,-0.97681415,1.207105,0.69907779,-0.308944397,-0.628025399,0.677434715,11.52751995,-0.023320463,30.41362321,6,3
12,170,172.3,69.979,-1.1312907,1.44066,0.37393987,-0.530464581,-0.783756756,0.527206005,14.24133359,2.787378926,30.66264348,6,3
12,166.85,167.64,72.371,-1.0995301,1.2883418,0.27069944,-0.383802714,-0.662427701,0.606437536,10.86804145,-2.697704655,29.453751,6,3
12,158.89,178.88,67.346,-1.2135117,0.79842103,-0.53155112,-0.708511719,-0.838314817,-0.195238115,0.464087554,-17.97919011,12.05599161,6,4
12,157.65,172.42,71.809,-0.71801335,1.0196815,-0.87010729,-1.083008407,-0.618461412,-0.032765541,4.022931611,-19.41842989,13.17821116,6,4
12,150.19,178.93,66.044,-0.83355808,0.36699131,-0.82722509,-0.851269653,-0.620750968,-0.454771872,-0.132073907,-18.52698124,9.578526186,6,4
12,144.54,177.28,68.19,-0.76377606,0.43556318,-1.2007359,-1.080409986,-0.541550027,-0.56510121,-0.459876276,-19.50488191,6.596932034,6,4
13,165.54,158.95,68.977,-0.66478473,0.87404627,0.23231895,-0.498089663,-0.463303799,0.310023362,12.71656443,-1.352314427,28.99684071,6,3
13,160.19,163.64,67.953,-1.2140884,0.96451128,0.37632665,0.050080079,-0.574210521,0.459621418,10.04602565,-3.222781823,29.70373005,6,3
13,154.74,166.96,66.46,-1.1797414,0.87816972,-0.19399329,-0.323286363,-0.635988764,0.162544712,9.369079974,-4.885790542,28.20378619,6,4
13,148.19,170,65.653,-0.82036901,0.39211494,-0.86593586,-0.784083637,-0.408235324,-0.35222843,-1.96473334,-17.4748149,9.912478301,6,4
17,142.39,178.68,47.681,-0.64254349,0.25490764,-0.63579029,-0.873944559,-0.461758804,-0.428246918,0.500089798,2.717859136,32.12636511,7,2
17,150.71,169.84,46.645,-0.64951932,-0.31594312,0.3443802,-0.009949217,-0.37981542,-0.288183076,-3.230461138,8.30987995,35.84777863,7,2
17,127.59,178.67,53.981,-0.65400463,0.076821573,-0.35798955,-0.61851098,-0.444700718,-0.401207799,-0.405567211,3.996167572,33.62973831,7,2
17,115.06,173.02,61.423,-0.53744125,-0.056136638,-0.28355527,-0.582942335,-0.401118379,-0.467985155,-0.723775995,4.399563509,33.13193893,7,2
18,160.42,174.22,47.62,-1.0664049,0.34891394,0.10394064,-0.398545784,-0.658166797,-0.102711022,-2.542669911,6.506690393,36.88129146,5,2
18,158.26,167.05,52.029,-2.1339378,0.14067841,1.9218224,1.229798993,-0.680373982,0.577842364,-15.19275944,14.51677535,40.29508721,5,2
26,177.86,152.4,66.383,-0.93583912,1.2582871,0.2615616,-0.568106418,-0.660597484,0.549090246,13.26609123,-0.316626558,29.92161525,6,3
49,157.13,137.41,72.078,0.33202752,1.0518954,-0.4926458,-1.174807177,0.103635873,0.115062085,17.47998796,-19.04711995,-8.315949264,1,9
49,158.83,130.08,76.253,0.29032025,0.91342491,-0.6210171,-1.187527254,0.076830737,-0.0103032,15.37951093,-19.25134697,-8.230470729,1,9
49,147.77,136.64,73.115,0.28246641,1.0596408,-0.65077496,-1.322793562,0.083727884,0.061635392,16.51477237,-19.15367701,-9.203359144,1,9
49,150.66,127.78,75.598,0.1306666,0.9512521,-0.83270997,-1.283503897,0.003653692,-0.049342781,13.70064358,-21.01007098,-7.216861517,1,8
49,138.73,133.66,71.427,0.20538388,0.86219662,-1.0155212,-1.474765853,0.065224191,-0.207356055,13.39873778,-21.92439331,-10.36202046,1,9
49,143.78,126.92,72.688,0.1182993,0.79688567,-1.1577401,-1.579046495,0.006458248,-0.361587631,10.42396027,-23.97478761,-10.3664682,1,8
49,131.87,127.09,68.962,0.47922024,0.57071173,-0.93064541,-1.266936773,0.262218168,-0.386945264,12.54548561,-21.68338524,-13.70951923,1,7
49,136.03,121.3,68.768,0.15157945,0.57309836,-0.89278239,-1.371405432,0.04067065,-0.372575079,12.76508214,-22.0969205,-11.54145732,1,7
50,157.51,124.4,87.993,0.17314851,0.7498672,-1.0647165,-1.405919837,0.021559671,-0.303028403,11.0357724,-22.54426485,-9.421073415,1,8
50,193.47,124.67,72.242,0.62970179,1.3511052,-0.19497126,-1.189705585,0.290911796,0.388733487,24.00897072,7.216501097,3.224208255,1,9
50,189.42,121.03,78.203,0.33659562,1.0261155,-0.40298069,-1.063697303,0.092325034,0.132007577,16.97073915,-16.94773927,-7.574361584,1,9
50,182.55,129.81,75.688,0.70298302,1.2563413,0.15964784,-0.853271674,0.308757623,0.492424463,21.6753319,7.648197811,1.428251029,1,9
50,182.41,123.66,82.14,0.29432115,0.8649863,-0.045942333,-0.735611837,0.114501651,0.202471118,21.8140004,3.638595486,-0.851443082,1,9
50,173.21,130.69,78.028,0.31514496,0.7573964,0.14542302,-0.495857097,0.132516987,0.224872601,21.55525099,4.347729339,-1.422120263,1,9
50,173.14,123.65,87.73,0.27077463,0.74840337,-0.89222968,-1.215287597,0.055224462,-0.193132626,12.62963566,-20.98636361,-9.026335652,1,8
51,184.39,115.02,68.305,0.85890085,1.3705674,0.20406854,-0.924222472,0.465964391,0.581797175,23.61123644,9.898960091,2.144435436,10,9
51,177.37,120.56,64.671,0.80407602,1.1184137,0.17883617,-0.691033148,0.422299186,0.450800911,21.64492263,8.303048275,-1.14099588,10,9
51,172.38,116.34,69.131,0.75844759,1.0394653,-0.020793643,-0.737806045,0.38769387,0.254100893,22.39955784,6.680083881,-0.939623911,10,9
51,176.05,111.26,70.528,0.95611477,1.1688164,-0.10924879,-0.946752759,0.561046055,0.284672962,24.2605575,8.979935751,0.163233302,10,9
51,164.66,112.55,73.319,0.91838753,0.81060314,-0.55851793,-0.850423144,0.464606647,-0.084595107,12.9922587,-14.75406162,-22.22254483,10,7
51,165.1,107.61,68.773,0.80797726,0.6867038,-1.083851,-1.304234358,0.543300779,-0.349861549,12.0524953,-19.85344108,-20.62792086,10,7
51,156.68,108.46,67.78,0.81124997,0.52651411,-1.1470588,-1.283256319,0.512583926,-0.475877096,10.77760935,-21.2668271,-20.53365495,10,7
51,150.9,109.42,66.098,0.71513391,0.57858282,-1.1978608,-1.397060316,0.470991299,-0.452358917,10.5634335,-19.94242121,-19.14428509,10,7
52,166.17,122.2,68.257,0.59781313,0.86431772,-0.95494151,-1.358473308,0.307749224,-0.114448386,13.52735082,-20.55970954,-15.56058932,12,9
52,156.5,116.75,66.192,0.51496136,0.73786122,-1.2324375,-1.575615917,0.307664188,-0.384060844,11.77856722,-22.47983417,-17.42643345,12,7
53,152,115.98,44.325,0.52072829,-0.5121026,0.29652649,-0.006327137,0.395441575,-0.267051675,4.460846254,23.98958247,-15.42894694,9,1
53,132.48,109.49,53.22,0.64705175,0.12859964,-0.46638215,-0.739246737,0.401249832,-0.392789603,7.630805798,19.89987989,-11.50180746,9,1
53,124.59,119.83,63.385,0.48707232,-0.11853524,-0.43563831,-0.594397321,0.329716497,-0.473877183,6.362692732,20.59783057,-12.26991887,9,1
53,148.24,107.06,45.31,0.68697989,0.2271087,-0.37653503,-0.702394604,0.400319241,-0.29307016,8.143588517,20.72331601,-12.20270432,9,1
53,141.87,108.56,47.773,0.47688511,-0.30665809,0.12163545,-0.249617896,0.389701135,-0.328774029,5.397490028,22.31415309,-14.46314525,9,1
54,158.32,116.96,49.115,1.5186942,-0.23152944,1.0149319,0.583831119,0.724364313,0.281544974,4.205858885,26.92776285,-23.68591715,9,1
54,160.24,110.97,44.347,0.95682389,0.46280059,-0.10514731,-0.6600269,0.636168648,-0.070905409,9.223384568,22.01351448,-13.75486403,9,1
58,180.81,128.03,64.432,0.78129017,1.2409102,0.18742153,-0.802468637,0.386789476,0.514290779,22.95791654,7.799401273,0.888056298,10,9
1001,106.75,212.58,66.424,-3.0150747,-0.37573469,0.51273525,1.211939358,-1.693100991,0.208513198,-24.81959237,6.664897243,32.65887541,8,2
1001,106.77,201.58,61.521,-2.9567492,-0.755548,0.14689614,1.124694109,-1.702788637,-0.083280579,-23.90328309,4.818769933,31.69533402,8,2
1001,92.307,208.54,60.736,-2.60342,-0.96336389,-0.13527825,0.990473678,-1.380257199,-0.26630917,-22.1011952,2.935318641,28.16810558,8,2
1001,95.401,198.94,64.437,-2.3806875,-0.84844595,-0.52510011,0.628341829,-1.359166943,-0.439611236,-21.11778171,0.627301215,25.88785919,8,2
1002,175.41,148.49,99.058,-0.25903234,0.90822184,-0.77069777,-1.032684211,-0.336460102,0.093619049,11.10714171,-19.50596573,8.528701894,1,8
1002,198.66,147.71,95.506,-0.44754237,1.3003002,0.88691866,-0.133437804,-0.376677977,0.835192435,12.74523497,-2.808014769,24.96969746,1,8
1002,190.67,147.7,95.724,-0.27151176,1.0587837,-0.19046056,-0.62669718,-0.300191791,0.432863297,13.30652164,-15.57994899,13.91836833,1,8
1003,184.64,191.93,112.07,-1.37319,1.4106394,0.069691077,-0.29233715,-0.837601091,0.649512003,7.962009287,-9.798570319,24.94499288,3,4
1003,177.92,187.64,112.66,-1.1640518,1.2572598,-0.46100354,-0.705855339,-0.883757115,0.368539495,2.4245736,-14.71042878,19.43722698,3,4
1003,190.19,179.61,117.39,-0.96346349,1.3957,-0.18700209,-0.641757686,-0.728085727,0.606018624,8.45702137,-11.46355047,22.25107933,3,4
1003,180.11,178.38,115.18,-0.86406922,1.3155051,-0.53182054,-0.867348213,-0.727152502,0.436259088,4.215498349,-15.55203991,18.17100901,3,4
1003,171.71,186.7,114.5,-0.95291299,1.1286894,-0.57895416,-0.850522374,-0.80129374,0.208061007,2.261048611,-16.17709764,17.49895307,3,4
1003,165.07,190.9,115.45,-1.0806497,0.94370914,-0.66109067,-0.797086839,-0.75342212,0.049260445,0.686277174,-16.13785264,16.85767661,3,4
1003,170.46,177.63,114.91,-0.69805539,1.1380407,-0.77564359,-1.127796644,-0.651261603,0.109484171,3.380518724,-18.435454,14.13406136,3,4
1003,159.53,183.29,110.21,-0.76158917,0.98663694,-0.91668135,-1.136172953,-0.631590888,-0.058796398,1.944997001,-19.10764383,12.61010557,3,4
1005,66.638,161.26,65.546,-0.48492804,-1.0933331,-0.75050831,0.145304921,-0.312529724,-0.884281426,-19.13123529,2.141050411,-9.627620891,13,5
1005,56.783,155.1,68.248,-0.30350485,-1.7105453,-0.54691499,0.517898868,-0.215231308,-0.867424156,-20.88184214,6.22914,-9.600072673,13,5
1005,53.034,148.27,60.265,-0.043730345,-1.6138308,-0.70682019,0.305108845,0.000732081,-0.934611245,-19.51279353,5.515961019,-12.28501596,13,5
1005,48.522,147.79,52.743,0.10489283,-1.6163642,-0.79173446,0.245900636,0.13536343,-0.952183904,-19.40894593,5.746161793,-14.5563633,13,5
1006,163.17,174.12,29.124,-1.1380973,0.21457052,0.26722518,-0.24945876,-0.726115556,-0.094751152,-3.806640182,7.74311884,37.41302189,7,2
1006,151.06,174.97,33.955,-1.0942723,-0.20885131,0.54101241,0.20324275,-0.610486999,-0.129914891,-5.510021085,9.488877164,37.04227724,7,2
1007,166.02,182.8,29.093,-1.3540658,-0.1106047,0.57560778,0.208997231,-0.812912229,-0.112285859,-7.455464446,9.859218213,37.09964815,14,2
1007,146.29,187.4,39.848,-1.2201192,-0.17574133,0.36347663,0.096240105,-0.723194969,-0.259823013,-6.207157229,7.912525513,36.40160407,14,2
1007,129.09,182.84,42.313,-1.5813011,-0.58415645,0.86422986,0.755145738,-0.72522323,-0.209028484,-11.49961396,11.4399142,35.84368078,14,2
1007,122.79,188.14,41.754,-1.9098303,-1.136601,1.1275883,1.225950297,-0.832109813,-0.184546202,-16.72492853,12.82119462,34.22442853,14,2
1007,115.2,189.83,40.188,-2.2340961,-1.7471294,1.3835325,1.723807081,-1.006627532,-0.214392202,-20.89412012,13.39422047,31.45054647,14,2
1007,116.72,176.97,45.075,-1.9695072,-2.0865743,1.514292,1.912432952,-0.747247436,-0.224419155,-21.9302034,13.74527892,28.90589116,14,2
1007,106.72,194.75,39.365,-2.4849389,-2.5933497,1.3619709,2.3639473,-1.099510043,-0.342752774,-24.69464118,13.96793294,28.54788819,14,2
1007,97.968,192.13,38.677,-2.3249474,-2.9666319,0.97446644,2.37969676,-1.014243239,-0.636612033,-25.81969289,12.80004812,26.21612947,14,2
1007,107.37,178.61,45.957,-2.0298433,-2.8056612,1.494527,2.334149454,-0.799578146,-0.512296208,-23.9533874,13.78118755,25.82403541,14,2
1007,99.31,175.83,46.315,-1.6302967,-3.1109216,0.94412732,2.290924052,-0.579365444,-0.705059454,-24.78550866,13.55576779,22.94294032,14,2
1007,90.356,179.73,42.73,-2.1316984,-3.1913297,0.88663602,2.41844027,-0.846316145,-0.742386388,-25.92831098,13.60233172,23.91422054,14,2
1007,81.956,182.89,38.409,-2.0395455,-3.271251,0.5995506,2.344359671,-0.742025324,-0.693072389,-25.52695256,11.7217186,23.40858884,14,2
1007,86.715,169.42,44.238,-1.4582573,-3.1189253,0.71134859,2.178535351,-0.422089741,-0.671042831,-25.35091249,12.9229003,20.80688792,14,2
1007,73.713,172.05,38.355,-0.96963394,-3.0005367,0.24569763,1.68616637,-0.365259705,-0.765281299,-25.27962361,11.74037049,18.45680157,14,2
1008,80.003,206.78,91.734,-2.0944874,-1.5154912,-0.45285827,0.943349961,-0.998779165,-0.527712303,-21.96255579,2.481633553,24.23184805,14,2
1008,77.599,203.84,74.701,-1.9685386,-1.2568972,-0.6934371,0.639731426,-1.041657762,-0.611664654,-20.39409199,-0.299512169,22.64229509,14,2
1008,71.54,198.5,90.391,-1.5283387,-0.98258734,-0.94354278,0.212818211,-0.823070097,-0.718740524,-18.8036725,-2.19163173,17.447922,14,2
1008,70.674,200.07,70.085,-1.6428961,-1.1116563,-0.91081041,0.313483159,-0.944530899,-0.769865796,-19.90097737,-2.419342388,18.91207508,14,2
1008,86.729,197.78,81.61,-2.0470498,-1.2765384,-0.64814717,0.698653243,-1.084925931,-0.596387964,-21.36398742,0.81481228,22.52841255,14,2
1008,85.614,193.27,68.856,-1.8282743,-1.0036508,-0.84405178,0.344358249,-1.077767788,-0.697131088,-19.6461838,-1.531290417,20.35628743,14,2
1008,77.604,192.67,79.934,-1.4403995,-0.82039773,-1.1155088,-0.015165181,-0.848680151,-0.801541799,-17.47244614,-4.744411729,16.96381716,14,2
1008,81.757,184.33,87.759,-1.0314208,-0.59145594,-1.1839302,-0.363451736,-0.664931804,-0.817927664,-11.01227498,-12.50336303,4.82146455,14,2
1008,63.009,194.35,87.186,-1.2645345,-1.0750458,-0.95449024,0.20035193,-0.630992024,-0.728690552,-19.01163995,-3.105124095,15.38369333,14,2
1008,63.561,195.38,65.696,-1.2870706,-1.5680807,-0.94918013,0.457990273,-0.685811823,-0.96407236,-20.79796613,-0.711943211,16.47820696,14,2
1008,65.364,186.44,94.072,-0.78482318,-0.46203047,-1.2529436,-0.578318287,-0.529904357,-0.875810552,-9.04867825,-14.42308945,3.287994948,14,2
1008,70.613,181.37,80.742,-0.77135211,-0.98176122,-1.2431967,-0.165975772,-0.456210076,-0.987901223,-12.53163525,-11.05676713,0.944369292,14,2
1008,55.735,192.85,67.679,-1.0907464,-1.5135148,-0.9470576,0.394615327,-0.58165447,-0.857086128,-20.46472056,-1.102196241,14.42437927,14,2
1008,50.806,188.04,63.151,-1.1190752,-2.154428,-0.59875584,0.880855672,-0.431003751,-0.771139308,-22.05043991,1.509776883,14.79403121,14,2
1008,59.528,183.98,79.286,-0.65118331,-0.98994958,-1.2161403,-0.167221371,-0.37369685,-0.962402702,-12.69345198,-12.36059298,-1.095241332,14,2
1008,52.909,181.83,62.506,-0.58915377,-1.1503941,-1.1571437,-0.043614212,-0.304712141,-0.875802342,-13.23030672,-10.16272425,-1.001437564,14,2
1009,168.37,190.87,29.372,-1.6437088,-0.19482726,0.85474449,0.511002074,-0.932658462,-0.014674667,-9.818511967,10.41787164,37.46340224,14,2
1009,155.26,197.65,34.7,-1.8149372,-0.37227041,0.94325417,0.711256636,-0.981454794,-0.087554601,-12.0986892,11.02657208,37.04009768,14,2
1009,145.58,206.7,38.208,-2.1616137,-0.61868191,1.085322,1.04009985,-1.116003681,-0.075859708,-15.00179517,11.73525866,35.97149696,14,2
1009,110.52,209.2,44.49,-3.1339014,-1.784477,1.3225501,2.104810155,-1.567193586,0.022636291,-24.90904191,12.56312739,32.67785288,14,2
1009,121.4,202.01,42.97,-2.8815751,-1.7010698,1.2865367,1.895158589,-1.470961037,-0.110958851,-23.10877545,12.62563636,32.55463852,14,2
1009,87.895,198.54,42.537,-2.1499848,-2.4108493,0.013234739,1.553779845,-1.024461472,-0.694370111,-24.58663837,7.87049719,21.67722326,14,2
1009,133.17,202.71,40.917,-2.6091931,-1.2737068,1.3337911,1.590673085,-1.265477746,-0.060779488,-20.85408549,12.63985392,33.88551934,14,2
1009,135.92,193.32,42.014,-2.4871716,-1.1610224,1.3196037,1.495901015,-1.169516929,-0.064252477,-19.13432491,12.91139957,34.27513809,14,2
1009,97.199,208.58,39.407,-3.303525,-2.5233676,1.3279008,2.81230066,-1.518668359,-0.058167826,-27.21808367,14.6812681,31.73016486,14,2
1009,98.728,200.5,41.212,-2.7915621,-2.5920153,0.87260413,2.302745418,-1.242173898,-0.417986656,-26.01685429,13.16625897,28.6079264,14,2
1010,107.63,154.28,78.083,-0.22447017,-0.32036242,-0.68986505,-0.560763141,-0.234198188,-0.637758496,-8.159821937,-19.39122438,-5.748954019,14,8
1010,102.04,150.03,83.118,-0.28912407,-0.34067088,-0.30281389,-0.25400448,-0.255483439,-0.400889121,-8.576807556,-19.27467115,-4.863542011,14,8
1010,97.506,162.53,63.368,-0.50131166,-0.55994725,-0.67371279,-0.298923592,-0.349650466,-0.716380292,-9.72019364,-18.05568708,-4.995232196,14,8
1010,95.43,152.82,76.298,-0.36322573,-0.17513116,-0.75021768,-0.530485694,-0.342303635,-0.500952374,-8.129580392,-19.77330541,-3.761365883,14,8
1011,81.068,193.75,41.115,-1.766459,-2.1205707,-0.47126025,1.057715705,-0.936219725,-0.827391265,-23.67693947,5.152060756,19.89872927,14,2
1011,77.693,188.65,40.565,-1.4815962,-2.4520366,-0.40471783,1.183958362,-0.747301277,-0.934215398,-24.26088736,6.371641206,18.62815854,14,2
1011,68.479,199.47,49.899,-1.7761852,-2.8762074,-0.036016796,1.747118227,-0.730251082,-0.779955264,-25.02725388,9.280160792,20.54254967,14,2
1011,68.619,193.38,40.994,-1.1327759,-2.7039919,-0.28024817,1.295767953,-0.476466325,-0.960121695,-24.69096129,7.586058748,17.47072899,14,2
1011,59.078,193.79,43.612,-0.42540428,-2.3927674,-0.6332674,0.761004621,-0.110186501,-0.938687567,-24.29167848,11.26253151,-12.30267143,14,5
1011,52.626,188.39,41.58,-0.21877927,-2.3804982,-0.54106522,0.716407928,-0.013914914,-0.852595945,-22.43474748,12.0291764,-13.15243245,14,5
1011,64.819,180.07,34.246,-0.48623464,-2.62499,-0.41089654,1.014800965,-0.151437162,-0.828252153,-23.83240066,12.53048861,-10.87711628,14,5
1011,59.452,183.75,40.614,-0.29085144,-2.2571883,-0.7912699,0.55752766,-0.113600734,-0.873540433,-23.5199752,10.03103256,-13.56022251,14,5
1011,56.875,165.94,29.166,-0.27603391,-2.4645708,-0.44429401,0.849537504,-0.095436879,-0.790586479,-23.29585783,11.12586104,-11.61803148,14,5
1011,51.778,170.28,35.002,-0.17857982,-1.9877017,-0.97968686,0.29495533,-0.096970531,-0.869429832,-22.69270976,7.962927935,-14.4366812,14,5
1011,44.434,169.25,45.821,-0.02899589,-1.939271,-1.0723615,0.215309675,0.016817994,-0.948520844,-22.32194192,8.633229691,-14.89022904,14,5
1011,46.679,177.3,36.909,-0.22617321,-2.2168565,-0.68221378,0.612928857,-0.071042004,-0.781130959,-23.74794116,10.57513028,-14.03676673,14,5
1011,41.074,160.14,53.111,0.46596414,-1.3937793,-1.1949117,-0.137226444,0.407237674,-1.047228166,-12.69146935,-6.257718289,-13.78849611,14,5
1011,39.084,159.71,40.197,0.29923168,-2.2014196,-0.37995192,0.604054659,0.36232787,-0.866904994,-20.71696417,10.67444876,-16.37855536,14,5
1011,48.204,154.1,33.742,-0.07447926,-1.7861879,-0.54030406,0.424910879,0.033203053,-0.961117605,-20.61091805,7.942594691,-13.63878884,14,5
1011,41.555,148.35,42.449,0.42411262,-2.4359913,-0.1384303,0.885718149,0.444471574,-0.812069531,-20.23777957,12.43536011,-17.36094626,14,5
1012,224.71,160.22,63.763,-0.89123458,1.4635763,1.1008141,-0.25713896,-0.64539345,0.867677142,9.465938427,3.542065567,32.83084731,6,3
1012,229.43,150.95,60.723,-0.65293556,1.5200529,0.55654335,-0.675616935,-0.484340781,0.661809324,15.04848756,1.44496322,28.16439676,6,3
1012,213.06,166.2,64.367,-1.2003546,1.4458517,1.5177573,0.082080407,-0.836121476,0.98818173,4.051793329,4.302598321,36.72564648,6,3
1012,206.7,152.97,54.584,-0.93734699,1.4401444,1.1269382,-0.270293859,-0.686576056,0.845220369,8.156050597,4.091360459,33.93966321,6,3
1012,199.66,173.9,64.687,-1.4326224,1.3758047,1.6232744,0.21502521,-0.993673303,0.983102304,2.647609239,4.292623628,36.5586399,6,3
1012,192.17,180.98,59.52,-1.5487723,1.2759255,1.7361766,0.357453973,-1.061565653,0.982420678,1.153848113,5.252280624,37.48375698,6,3
1012,195.21,159.22,57.357,-1.0807689,1.4215248,1.2767924,-0.151616461,-0.77802833,0.871267539,6.447230359,4.300437229,35.00146296,6,3
1012,186.91,165.65,58.581,-1.3039054,1.3904463,1.3671137,0.014400782,-0.930675596,0.861120712,4.886503767,4.88864742,35.6015242,6,3
1013,93.908,170.92,55.453,-0.37653866,-1.8797783,-0.49331504,0.689725544,-0.279948287,-0.846470543,-21.68583899,6.991520484,-9.035922317,13,5
1013,99.227,161.06,54.985,-0.74996823,-2.7689753,0.68769908,1.629848101,-0.23943169,-0.539853803,-23.52999136,11.51873454,-2.649670756,13,5
1013,80.407,169.26,50.155,-0.36329719,-1.8476206,-0.51589304,0.658049879,-0.268150024,-0.842158966,-21.02381296,7.232319418,-9.316285834,13,5
1013,83.995,157.23,53.175,-0.73372114,-3.1920922,0.85193944,2.051356252,-0.189830683,-0.433781907,-23.97951602,12.33625386,-0.752421329,13,5
1013,69.008,162.84,38.016,-0.42226815,-2.1044469,-0.35483813,0.903823955,-0.284781064,-0.765453481,-23.00410468,8.001563412,-7.759730277,13,5
1013,72.846,150.59,47.851,-0.40325075,-2.143868,-0.22133283,0.983397368,-0.240119852,-0.731248022,-21.71576941,9.210484291,-6.849636885,13,5
1013,58.329,152.98,30.007,-0.2433209,-2.4444773,-0.19817315,1.04604743,-0.073351618,-0.763817242,-22.85988665,11.09649025,-8.159727161,13,5
1013,62.251,145.98,37.337,-0.37029335,-2.7391241,0.21179557,1.432928301,-0.044971714,-0.6288196,-23.34552343,11.58161929,-5.144223365,13,5
1014,218.23,144.89,65.387,-0.061867628,1.5265803,1.1992162,-0.38753154,-0.130576239,1.046583926,16.02757716,4.91253416,23.69776457,4,3
1014,205.6,144.33,58.644,-0.19438693,1.4969867,1.5572193,-0.161727772,-0.243956438,1.145255374,14.57558491,6.070214526,26.13599315,4,3
1014,191.02,144.49,56.908,-0.50855863,1.4607881,1.3453921,-0.118102517,-0.419423926,0.986240069,13.41197782,6.171047197,28.09154262,4,3
1014,234.6,144.53,67.412,0.24353205,1.1319206,2.1264679,0.37840775,0.038721337,1.213024043,13.81765692,3.968810185,24.27893792,4,3
1014,227.07,145.41,64.891,0.13721387,1.5637976,1.1277233,-0.37981108,0.008216934,1.017779553,17.64434987,4.671314635,22.47305731,4,3
1015,88.28,211.92,50.329,-2.6855555,-1.0230001,-0.016855611,1.098100616,-1.420389225,-0.226594174,-23.58632027,3.480141113,28.75036884,14,2
1015,174.94,199.27,40.362,-2.8918843,-1.030408,1.8578763,1.903660188,-1.11305452,0.278974901,-21.50421332,14.17303377,37.73223361,14,2
1015,180.45,193.69,35.248,-2.4309862,-0.43049937,1.4816353,1.363576867,-0.947706713,0.360285867,-16.59799135,13.55391413,38.26783352,14,2
1015,166.03,208.19,48.744,-3.2520683,-1.4880515,1.9653279,2.370241821,-1.247469513,0.347200263,-24.20215013,15.06372924,37.23660732,14,2
1015,161.1,203.66,44.89,-2.7893095,-0.74635226,1.3380541,1.425359865,-1.27089599,0.077827205,-19.50045887,11.93412867,36.58775413,14,2
1015,147.81,215.56,53.518,-3.6961021,-1.6976919,1.8295597,2.686801475,-1.603339234,0.381497547,-26.51722496,15.43489344,35.99016261,14,2
1015,148.47,207.8,49.821,-3.2443748,-1.1431768,1.3420234,1.787972536,-1.558628571,0.122628546,-22.75326509,11.59310593,35.45658992,14,2
1015,133.28,215.52,52.943,-3.7789762,-1.5049756,1.5005573,2.47338938,-1.753574424,0.287366251,-26.79948389,13.17382199,34.90807347,14,2
1015,132.67,207.88,51.628,-3.3537414,-1.1692261,1.1002749,1.774713845,-1.742711633,0.08567927,-24.47261792,10.38286856,34.40032994,14,2
1015,120.69,215.54,56.764,-3.4495056,-0.86057889,0.90045798,1.751638329,-1.8061307,0.328832489,-26.29457595,10.01102098,34.64221251,14,2
1015,118.28,205.94,58.693,-3.3736212,-0.96707237,0.77501917,1.597459785,-1.839360281,0.069078381,-24.97717591,8.067892811,33.36396011,14,2
1015,108.47,216.86,57.92,-4.0680394,-1.3281255,1.3622127,2.628391558,-1.737557947,0.67226499,-27.92653629,14.87585822,36.57725489,14,2
1015,102.66,211.36,53.746,-3.1139638,-0.32535204,0.67959303,1.292407883,-1.741127241,0.301056302,-25.96116269,6.77979272,33.37816132,14,2
1015,77.694,208.42,52.169,-2.3834584,-1.7544694,-0.077192225,1.371029481,-1.066651625,-0.403297494,-23.45075151,4.602512764,25.6881455,14,2
1015,77.341,200.83,49.359,-1.9790424,-1.5137469,-0.62986577,0.810059348,-1.004860527,-0.633555273,-21.84158181,1.577553129,21.48118683,14,2
1016,137.06,173.24,41.621,-0.74725378,-0.2276691,0.22347154,-0.121119356,-0.472471382,-0.338808882,-3.425843475,6.761625774,35.12886017,7,2
1016,113.17,170.03,52.817,-0.67372078,-0.40610525,0.39717379,0.104849719,-0.38770164,-0.299901009,-4.343203277,8.280600203,35.50337739,7,2
1017,130.31,151.96,108.79,-0.20426546,0.7535069,-1.0602894,-1.2560799,-0.236270854,-0.255080752,5.381134506,-23.66399457,-0.430957133,2,8
1017,122.73,151.19,118.51,-0.25691637,0.71895444,-1.0475112,-1.31714522,-0.260357299,-0.30705013,6.302128838,-23.38175037,-0.38711408,2,8
1017,113.47,153.97,115.46,-0.30453551,0.64326447,-1.0616258,-1.268021679,-0.271014755,-0.379780123,5.19467551,-23.2089492,0.412254132,2,8
1017,106.01,160.56,114.63,-0.45057803,0.50316018,-1.2006375,-1.251924838,-0.364046461,-0.511643466,3.647938127,-22.72705396,1.041664998,2,8
1018,179.56,183.93,82.445,-2.0406778,1.2204301,0.13364191,-0.046193356,-1.272628361,0.507905986,-5.908016704,-1.070003455,33.11106717,8,4
1018,189.53,199.86,87.488,-2.3213139,0.93618923,1.2360919,0.750487281,-1.262475383,0.741254098,-4.627344283,3.667246525,37.69570494,8,4
1018,182.37,196.8,86.482,-2.1448476,1.0175735,-0.095200971,-0.012662856,-1.339359323,0.384564836,-8.101092085,-1.48898027,32.06098612,8,4
1018,197.31,195.75,91.641,-1.9930136,1.2717316,1.3321513,0.56516745,-1.248262291,0.84922774,-2.542685833,3.15551753,37.99725668,8,4
1018,189.94,186.67,84.86,-2.0141017,1.2658393,0.78892016,0.213886154,-1.292579843,0.741979378,-4.691375056,1.120489694,35.21819613,8,4
1018,175.27,196.46,82.132,-2.3313274,0.91299057,0.36836162,0.33548284,-1.3560479,0.509823603,-7.226973127,0.948327279,34.74554451,8,4
1018,170.69,193.38,84.32,-2.0831189,1.0461296,0.026033461,0.06268699,-1.151886345,0.430311402,-6.825897693,-1.591569159,32.93134366,8,4
1019,217.29,183.05,66.383,-1.1115755,1.2343055,2.0596559,0.371749123,-0.844632245,1.164473275,2.09915604,4.741733836,38.65793308,6,3
1019,205.77,189.52,61.97,-1.7860723,1.1293472,2.0186577,0.727926713,-1.114466848,1.097875108,-0.946506679,5.651181464,39.65809844,6,3
1020,203.48,196.25,79.124,-2.161958,1.0217078,2.0338287,1.015314836,-1.258363175,1.023014009,-2.378714553,5.889220027,40.56647172,6,3
1020,194.63,193,73.78,-1.822908,1.1789149,1.593502,0.463830774,-1.229266922,0.895575815,-0.744084904,5.079740524,37.18409114,6,3
1020,198.07,179.28,78.488,-1.8746253,1.2641422,1.5358021,0.436676577,-1.306258537,0.886649118,-0.763659259,4.144103468,37.95540987,6,3
1020,214,193.65,78.002,-2.4790411,-0.74871022,3.3037448,2.586495961,-0.914233743,1.42565761,-27.10389586,17.34238642,39.81660921,6,3
1020,208.8,188.9,82.328,-1.7745581,1.2278827,1.4171402,0.423289296,-0.976472541,0.80476226,0.44307867,2.807377658,39.54694581,6,3
1021,70.334,157.64,60.306,-0.34902969,-1.4654839,-0.7741093,0.275774993,-0.272768587,-0.927220912,-20.36454032,4.042892995,-10.88625088,13,5
1021,56.731,152.73,45.948,-0.090163566,-1.6353648,-0.79320031,0.249499883,-0.098587963,-0.948260113,-20.66625853,5.129872352,-12.85568932,13,5
1022,147.93,203.58,84.606,-1.9521853,0.30668071,-0.51952171,-0.023828043,-0.9786748,-0.058327752,-10.82039818,-5.488510778,25.1621584,8,4
1022,138.6,198.02,93.817,-1.6502191,0.46230319,-0.7314173,-0.378147003,-0.940185804,-0.148474193,-8.601682794,-8.634736836,23.14055051,8,4
1022,107.84,169.27,131.09,-0.39998317,0.6504814,-1.2817665,-1.450228577,-0.363895095,-0.535556211,5.483384884,-23.67170718,0.095517308,8,8
1022,149.44,213.68,87.051,-2.4892836,0.067777455,-0.21948762,0.580692466,-0.954757653,0.115332196,-13.65824546,-1.795069907,30.98701126,8,4
1022,140.64,212.34,93.88,-2.063379,0.2924017,-0.46444041,0.096792521,-0.919649754,-0.011624748,-11.24497408,-4.094443143,27.86340831,8,4
1022,134.17,209.88,106.38,-2.0144339,0.29151404,-0.4816604,0.054786838,-0.920688333,-0.023752873,-11.3321798,-5.217771946,27.68641933,8,4
1022,127.23,206.29,111.16,-1.3870947,0.42876175,-0.74424887,-0.460956035,-0.698614244,-0.214428666,-6.432906861,-11.3458368,20.10190487,8,4
1022,121.78,200.45,112.35,-1.3714039,0.43958625,-0.72923332,-0.454144079,-0.678253657,-0.207244314,-5.850366228,-12.23844307,18.29441205,8,4
1022,121.88,189.55,110.32,-1.1930941,0.50144166,-1.01853,-0.767058292,-0.689820262,-0.296416664,-3.961689542,-14.99371114,15.05579522,8,4
1022,115.15,201.79,115.26,-1.474719,0.20219104,-0.67823875,-0.297539287,-0.743337423,-0.312131746,-8.45155165,-9.907899527,20.13727056,8,4
1022,114.14,192.04,117.28,-1.2307512,0.22416657,-1.1327239,-0.709511755,-0.726526087,-0.468902056,-5.140253439,-15.24755443,12.39545987,8,4
1022,116.66,178.19,119.85,-0.66205871,0.62930089,-1.1556658,-1.17030162,-0.445730364,-0.426551911,2.118471311,-21.06358767,5.223393998,8,4
1022,110.39,181.3,122.45,-0.93671888,0.15616532,-1.16829,-0.870072397,-0.646834929,-0.628936484,-3.814595261,-17.34436567,7.883495884,8,4
1023,154.48,149.05,100,-0.23233575,0.70613325,-0.8473857,-0.996186872,-0.298884411,-0.081453214,10.05338654,-20.53870407,7.672516261,2,8
1023,134.11,151.83,97.23,-0.17092624,0.68381405,-1.0476668,-1.176729892,-0.263533589,-0.212135591,3.490851265,-23.93031054,-0.98439784,2,8
1023,119.79,152.25,95.881,-0.21674009,0.43243787,-1.0971748,-1.132537924,-0.260243367,-0.41027701,1.295207297,-23.85307863,-2.487449129,2,8
1023,105.86,154.14,96.567,-0.31849203,0.26544666,-0.88019216,-0.840750505,-0.280932754,-0.33495543,-0.818720271,-23.51209297,-2.320733721,2,8
1024,123.59,159.68,126.89,-0.17438725,0.8016811,-1.2351037,-1.634868833,-0.257258949,-0.450483787,8.665612682,-23.93511096,-2.682693257,8,8
1024,167.36,206.9,82.663,-2.4884875,0.37236911,-0.14221922,0.282517342,-1.572456773,0.113530934,-10.86742754,-0.231645617,32.38938118,8,4
1024,159.67,207.34,90.69,-2.0224738,0.26813909,-0.62683749,-0.078795876,-1.161987658,-0.115089706,-11.0952118,-4.826735004,26.34069577,8,4
1024,169.44,197.94,94.811,-1.7818651,1.0500824,-0.37042934,-0.299278254,-1.149745949,0.289847614,-7.126673104,-4.249582745,29.83228012,8,4
1024,164.47,193.85,75.22,-2.4650931,0.52859938,0.093782268,0.432673759,-1.391239658,0.319803172,-9.128273802,0.685233973,34.00435768,8,4
1024,152.96,204.12,101.56,-1.8291174,0.49128398,-0.53886336,-0.171485615,-0.990706155,-0.003488656,-9.220219556,-6.545597994,26.39089503,8,4
1024,145.36,197.52,110.34,-1.3135811,0.69302392,-0.78356111,-0.65203253,-0.821617139,-0.066924531,-3.032724955,-14.05041819,17.9392427,8,4
1024,154.92,192.24,109.05,-1.2482225,1.0098283,-0.60692078,-0.675555051,-0.887952215,0.14961064,0.570723495,-14.74946143,18.96011949,8,4
1024,156.82,191.99,82.185,-2.0250494,0.80169654,-0.34836486,-0.10474028,-1.242958268,0.22078403,-8.625977827,-2.982231383,30.51431715,8,4
1024,144.13,186.64,118.29,-1.0173219,0.85123706,-0.86597145,-0.931186815,-0.753265392,-0.082533168,-0.085731095,-16.93383168,14.99964686,8,4
1024,140.57,176.68,118.93,-0.76171201,0.9266507,-0.95527554,-1.129991114,-0.603097795,-0.110400648,2.315887543,-19.18034632,11.56030969,8,4
1024,134.4,194.41,117.61,-1.092329,0.63698292,-0.90110171,-0.798135696,-0.682652569,-0.220664125,-2.339622288,-15.75612231,15.19660354,8,4
1024,128.3,187.13,119.59,-0.95080072,0.58123505,-1.1420205,-1.006561073,-0.632640986,-0.353735389,-2.091444314,-17.10428968,12.5210788,8,4
1024,136.39,165.88,121.26,-0.47116941,0.85308421,-1.1143639,-1.350493477,-0.418064556,-0.26127288,5.295526876,-22.45227493,4.306701845,8,4
1024,124.75,174.61,119.09,-0.53647184,0.68956101,-1.1837938,-1.300363008,-0.416951198,-0.414609264,3.787089234,-22.19740501,3.676420567,8,4
1025,96.884,156.47,111.92,-0.24858584,0.25752831,-1.0708861,-1.013459635,-0.282706507,-0.505846017,-0.0513464,-23.76872899,-2.792007469,14,8
1025,88.428,161.72,75.215,-0.2846795,-0.47208074,-1.100437,-0.646961883,-0.263308635,-0.906183037,-10.02045681,-17.5235754,-6.118991241,14,8
1025,87.708,152.32,78.212,-0.44937658,-0.41030574,-1.0719385,-0.588611159,-0.386813847,-0.823313909,-9.615141017,-17.14361977,-3.600262261,14,8
1025,78.24,160.61,72.527,-0.27757242,-0.60235906,-0.94058686,-0.419295518,-0.215018936,-0.867168761,-10.30769852,-15.96584601,-5.592472438,14,8
1025,67.108,165.62,73.29,-0.23654255,-0.78842902,-1.0925404,-0.403114682,-0.143071056,-1.023006503,-11.05871948,-13.95249362,-6.586899797,14,8
1025,67.084,153.5,89.731,-0.15066929,-0.52214354,-0.97593814,-0.515908206,-0.079837454,-0.86981833,-9.000952523,-16.59059538,-7.395320498,14,8
1025,85.247,156.4,115.92,0.017303219,0.23160496,-1.097102,-1.045581757,-0.018274118,-0.472408321,-0.240883578,-22.79750402,-5.789275333,14,8
1025,87.35,150.22,101.59,-0.27403763,-0.12181902,-0.32407072,-0.241232407,-0.137213256,-0.295178185,-7.59057021,-20.19731066,-5.326390916,14,8
1025,77.362,153.09,102.13,-0.12503916,-0.34460193,-0.60324359,-0.424256702,-0.077356017,-0.515403356,-7.497908412,-19.488938,-6.250583119,14,8
1025,77,149.24,76.916,-0.45844668,-0.8401866,-0.58529091,0.010212979,-0.231038828,-0.719378444,-11.04937642,-15.35517817,-5.550472146,14,8
1026,205.95,145.5,79.814,-0.62726712,1.5265889,1.1214292,-0.243324852,-0.517430847,0.931145946,12.58187144,0.865524668,27.85989949,4,3
1026,216.26,146.6,81.544,-0.72983485,1.1245261,2.1239624,0.597638465,-0.475623549,1.27159581,12.02137221,1.816545822,26.82811976,4,3
1026,212.19,149.99,86.27,-0.56049782,1.46385,1.2637852,-0.113852256,-0.50974196,1.061735495,12.43373098,-0.62842342,26.84922749,4,3
1027,227.38,166.02,97.348,-0.45378,1.6759751,0.57770598,-0.78571758,-0.404162217,0.835076812,16.81770085,0.323575919,25.15191438,3,3
1027,228.51,179.17,77.745,-0.58428526,1.6035302,0.99729723,-0.398464673,-0.458529041,0.996531649,14.08445372,-1.24345857,26.44337073,3,3
1027,222.2,183.87,82.538,-0.63869441,1.5614032,1.1476467,-0.267390005,-0.514172744,1.062725549,12.8851838,-2.683551276,26.75475998,3,3
1027,221.48,174.74,90.104,-0.56575561,1.6662352,0.77438581,-0.584865317,-0.458226015,0.931626951,15.52727467,-1.546194527,25.63268662,3,3
1027,218.51,168.68,100.89,-0.54191941,1.654174,0.68988889,-0.641858309,-0.45666791,0.904458882,15.35482896,-1.593992318,25.00630943,3,3
1027,232.25,171.04,77.568,-0.54579949,1.5860006,0.93686998,-0.482851493,-0.438662792,0.92842032,14.75023392,0.619317988,27.08419747,3,3
1027,234.97,162.1,77.261,-0.45149347,1.6070927,0.3172988,-0.921840467,-0.399315964,0.666822777,16.99798021,1.555976069,26.63511758,3,3
1027,215.79,186.53,91.351,-0.79455912,1.4929239,1.3111683,-0.00109684,-0.617224006,1.115709913,10.276969,-5.506657554,26.80883755,3,3
1027,211.16,180.26,98.758,-0.84369522,1.5853356,0.80981547,-0.301643084,-0.631496511,1.027037595,11.68796524,-6.163359037,25.26047615,3,3
1027,210.3,171.25,108.39,-0.71919084,1.6175567,0.5738228,-0.567936546,-0.552221395,0.940552093,13.79357913,-4.997408684,24.20501551,3,3
1027,203.39,170.51,109.19,-0.7371428,1.5123727,0.36992773,-0.59617559,-0.612879871,0.904836821,12.81976615,-7.835494999,22.67982679,3,3
1027,201.37,186.6,102.68,-0.95507109,1.5479397,0.85948569,-0.185635295,-0.67740509,0.988382696,10.15989451,-7.72106087,25.67569608,3,3
1027,193.45,192.09,102.88,-1.2471063,1.5180689,0.90767348,0.004670087,-0.796319822,0.950543249,8.711847707,-7.47155635,26.89001115,3,4
1027,190.45,183.14,104.45,-1.1623665,1.5578698,0.36402464,-0.34683507,-0.812489993,0.846634856,9.371444388,-8.95793045,24.93715242,3,4
1027,197.69,178.46,108.66,-0.81536937,1.5046495,0.26812711,-0.56194392,-0.681022241,0.860767936,11.27235993,-8.971477781,23.06993921,3,3
1028,236.13,157.35,93.055,0.062974103,1.6661271,0.3966282,-1.010604779,-0.087851999,0.839630183,20.43527688,-0.509401237,18.19469284,3,3
1028,231.14,148.63,92.799,-0.21807355,1.5837506,0.38559133,-0.825642705,-0.221128402,0.921149986,17.47113677,-3.828987178,19.68299712,3,3
1028,217,156.08,106.08,-0.28999361,1.5581502,0.26743591,-0.85867138,-0.29368148,0.882871213,16.32431622,-6.703168073,18.68207464,3,3
1028,204.66,155.19,113.04,-0.38945496,1.5240268,0.093911193,-0.853486773,-0.397650683,0.813746757,14.87048956,-9.204183074,18.03565792,3,8
1028,197.36,149.11,114.56,-0.28296322,1.4112847,-0.027792206,-0.768531669,-0.334239158,0.703839473,14.31147209,-11.59551984,15.48680916,3,8
1028,192.59,167.55,121.39,-0.56534421,1.4959568,0.004773848,-0.844439805,-0.565106106,0.759538195,13.12163381,-10.53799195,18.92863476,3,8
1028,188.1,152.37,114.81,-0.25658202,1.4018466,-0.30087155,-0.947404202,-0.350584322,0.572781267,14.0012106,-13.00447163,12.95017618,3,8
1028,179.25,168.07,127,-0.76882368,1.4195799,-0.31500882,-0.827725328,-0.658202399,0.605810313,9.349990819,-12.43626764,20.0990927,3,4
1028,166.25,167.8,126.37,-0.6597122,1.1187696,-0.65705222,-1.029568973,-0.633419239,0.246290932,4.007717347,-17.43510114,15.64270239,3,4
1028,158.08,170.06,126.47,-0.56642514,1.0944747,-0.94429225,-1.281570138,-0.538973963,-0.015404138,4.11316432,-20.16688192,10.91046293,3,4
1028,151.17,174.26,120.15,-0.62383008,0.95689982,-1.0421339,-1.283377895,-0.537554366,-0.158979069,3.985884913,-20.7011973,9.196686992,3,4
1028,216.63,147.9,106.99,-0.3468892,1.4593818,0.96964592,-0.23677095,-0.28328089,1.056209949,13.61807384,-3.920221996,22.73007638,3,3
1028,220.4,149.65,95.206,-0.31032494,1.4447459,0.66740358,-0.464398392,-0.276912589,1.00018597,14.61911853,-4.676637475,21.3524168,3,3
1028,179,152.75,127.44,-0.11714802,1.4033092,-0.29481697,-0.831763615,-0.240564176,0.568293904,13.79429265,-14.45503079,9.645370899,3,8
1028,177.58,152.52,110.15,-0.29492122,1.260322,-0.44818437,-0.80886458,-0.359128995,0.379264992,12.9267335,-15.92519722,11.95446911,3,8
1028,166.56,152.89,131.53,-0.12385949,1.1604997,-0.62709069,-0.947030368,-0.255064284,0.299227488,11.95570864,-17.80552928,6.246035593,3,8
1028,166.87,154.56,111.55,-0.40034905,1.103054,-0.56648481,-0.830832555,-0.419519259,0.276963776,12.00105252,-17.29433819,9.743868636,3,8
1028,157.41,153.33,123.42,-0.13149486,1.0018364,-0.98818934,-1.287621496,-0.22968873,-0.00953862,8.755514627,-22.10640513,0.97275649,3,8
1028,152.21,151.53,117.1,-0.078317069,0.93957645,-1.0222758,-1.325726179,-0.198685562,-0.075555246,9.266723039,-23.42901253,0.444400677,3,8
1028,145.11,151.17,114.56,-0.034188379,0.89705527,-1.0589324,-1.344426864,-0.160036541,-0.136075056,7.917985892,-22.3242637,-1.077483502,3,8
1028,141.02,153.91,117.44,0.018544178,0.86737645,-1.1003609,-1.496179145,-0.103608836,-0.239718256,9.085081351,-23.56782145,-3.86482106,3,8
1029,106.32,188.14,105.71,-1.1301812,0.015627703,-1.2039044,-0.743239903,-0.731989579,-0.633596211,-5.953231471,-16.34113305,9.731908919,14,4
1029,102,178.66,108.88,-0.74509299,0.21117562,-1.3210348,-1.103396338,-0.542758367,-0.70921399,-3.509066658,-18.74949796,5.087485645,14,2
1029,91.348,189.2,112.75,-1.0911461,-0.057783451,-1.1219825,-0.665611594,-0.64802657,-0.602289003,-6.081804458,-15.09836467,8.890412101,14,4
1029,89.485,185.14,106.19,-0.78960598,-0.028985962,-1.2635102,-0.882838543,-0.557354142,-0.73221355,-5.415592828,-17.02904214,5.692534524,14,2
1029,80.481,180.25,111.81,-0.73941338,-0.20631446,-1.2735318,-0.790594316,-0.497964243,-0.812060158,-6.8407407,-16.09676716,4.30016976,14,2
1029,82.808,174.86,94.521,-0.67152405,-0.55974787,-1.2953292,-0.59557647,-0.442657264,-0.97785983,-9.695419525,-14.10766006,1.212243107,14,2
1029,93.203,170.63,118.79,-0.60652822,0.19997197,-1.2715427,-1.022572843,-0.402260116,-0.641109627,-3.165749623,-18.72815093,3.622715022,14,2
1029,88.665,163.8,124.5,-0.095046297,0.20634934,-1.2222947,-1.132328285,-0.122312351,-0.601249968,0.681530821,-22.08451669,-4.985830392,14,2
1029,69.067,172.03,96.16,-0.65789187,-0.76886189,-1.2501335,-0.390887031,-0.423409275,-0.976901092,-10.82142207,-13.02992834,-0.112106274,14,2
1029,69.28,176.06,76.26,-0.35791728,-0.97105587,-1.2621696,-0.343296092,-0.196406661,-1.079141663,-11.60895139,-11.77148043,-3.230428909,14,2
1029,74.364,166.05,108.2,-0.27688292,0.10001631,-1.1255355,-1.005618041,-0.217581034,-0.593770677,-2.81342752,-19.38932937,0.033902983,14,2
1029,66.745,159.81,97.606,-0.41348988,-0.30198616,-1.0928732,-0.705084827,-0.292137697,-0.708424967,-5.1747619,-17.8959993,0.465303483,14,2
1029,56.149,176.48,67.036,-0.1651414,-1.1232289,-1.195917,-0.25448178,-0.060044,-1.042404732,-12.32965619,-10.80869788,-5.109655437,14,2
1029,50.762,173.31,74.084,-0.036289014,-0.77343988,-1.3945765,-0.628865333,-0.009712735,-1.069259255,-11.34040398,-11.00065501,-8.120012067,14,2
1029,51.984,159.97,83.809,0.069205783,-0.80981761,-1.3321363,-0.613658827,0.106912633,-1.050446258,-10.27144894,-11.65453825,-10.14906752,14,5
1029,44.601,160.81,68.683,0.22876853,-1.1174973,-1.2648439,-0.34247296,0.244298728,-1.065646345,-12.10022434,-8.83525701,-11.253935,14,5
1030,180.48,197.88,56.871,-2.327435,0.032331835,1.0575861,0.865878041,-0.867648335,0.127441766,-13.03919441,10.17799616,39.42292779,8,2
1030,174.59,191.42,48.826,-1.587505,0.36898622,0.66440749,0.121159396,-0.87617382,0.031720654,-7.553067638,8.7052325,39.64779262,8,2
1030,190.14,187.51,46.915,-2.1843481,0.041817751,1.1528767,0.82868642,-0.833472969,0.333072461,-12.69083912,11.47795364,39.63478246,8,2
1030,182.41,183.65,43.449,-1.1960593,0.61429584,0.21687965,-0.398797484,-0.726568897,0.075959205,-3.615843827,7.192412005,38.74822178,8,2
1030,169.25,201,57.362,-2.1798997,0.17931081,0.72793967,0.546163854,-0.961982227,-0.038664611,-11.19775778,8.735135837,39.24594759,8,2
1030,159.38,206.7,63.948,-3.0359061,-0.44227067,1.2029281,1.497695205,-1.061796742,0.189931659,-18.71597831,11.11638204,38.52093905,8,2
1030,160.5,194.02,53.463,-1.6385996,0.25330159,0.62773931,0.145804727,-0.890592699,-0.124976379,-8.805936393,8.138897816,39.49198484,8,2
1030,151.61,201.17,61.528,-2.5166109,0.049444728,0.85138232,0.794041967,-1.091112149,-0.012104862,-1.36E+01,8.761295518,38.75796233,8,2
1030,143.03,214.07,67.025,-3.3568578,-0.69307196,1.0418283,1.759060997,-1.240977966,0.190593616,-20.99853533,11.818536,38.45260475,8,2
1030,131.4,215.58,70.631,-3.4367104,-0.97503287,0.71233064,1.815079164,-1.489471858,0.125302245,-22.92803145,10.56019609,37.44772332,8,2
1030,141.26,201.64,63.434,-2.8381953,-0.10955013,1.0357648,1.126683095,-1.177876643,0.043179009,-16.50282314,9.450458528,38.31627814,8,2
1030,128.96,201.03,68.596,-3.2327507,-0.68809843,0.77449846,1.474247577,-1.44696955,0.054021437,-20.67062186,9.479354285,36.92568349,8,2
1030,116.36,216.3,75.076,-3.4324818,-1.0928246,0.58694106,1.859999849,-1.448111759,0.125700284,-23.55387715,11.29240882,36.86374142,8,2
1030,97.862,214.36,71.257,-3.2932904,-0.95832866,0.53556681,1.654659837,-1.677923118,0.066416027,-24.23701495,8.938137758,34.5990428,8,2
1030,118.45,204.9,71.857,-3.1423368,-0.81414086,0.16274974,1.347540772,-1.481442633,-0.021764332,-21.78068352,8.029907952,35.52360502,8,2
1030,113.25,194.64,74.522,-2.9106436,-0.67834455,-0.032976229,1.009262193,-1.414423874,-0.097676697,-20.3217006,6.456302515,34.79841519,8,2
1031,126.64,197.72,83.944,-2.0091393,0.27973121,-0.50285238,0.017731823,-0.971814965,-0.047668686,-11.1683414,-5.735099662,27.05448131,8,4
1031,130.17,210.13,86.537,-2.3806949,0.20473947,-0.33389288,0.415164615,-0.953523773,0.066923403,-12.82336451,-3.528053964,29.23494406,8,4
1031,123.48,213.22,89.935,-2.4244771,0.13419661,-0.28509316,0.452074611,-1.070605812,0.074980625,-13.61435999,-1.620293574,29.43784638,8,4
1031,112.89,215.43,90.982,-3.1473746,-0.54756129,0.52642673,1.620720738,-1.229566237,0.306274623,-24.15515461,9.553285377,34.87935348,8,4
1031,113.09,210.05,96.423,-2.5894086,-0.048248589,-0.2966567,0.519570269,-1.316003395,-0.021279254,-15.6315758,-0.139440148,29.43743204,8,4
1031,111.81,201.55,90.082,-2.572737,-0.26462099,-0.33635703,0.621063716,-1.23542823,-0.124584753,-16.09009818,-0.527774005,29.43730657,8,4
1031,114.58,191.31,83.884,-2.3355615,-0.16264756,-0.46769255,0.389562179,-1.113169021,-0.252823111,-14.81641729,-2.476772166,27.28127569,8,4
1031,99.245,208.84,94.695,-2.2760358,-0.49515611,-0.4522129,0.586769915,-1.007870995,-0.240047549,-16.93553081,-0.98978124,26.77649828,8,4
1031,98.316,213.05,84.545,-2.8408053,-0.65243733,0.22671032,1.237924753,-1.216182513,0.042611673,-23.07082233,6.885837986,32.1789966,8,4
1031,86.244,206.71,87.64,-2.1790679,-0.86333936,-0.59995478,0.594787115,-1.100756678,-0.420979006,-19.25810641,-0.080346136,24.3349281,8,2
1031,85.914,211.93,76.729,-2.5897803,-1.4093062,-0.15282488,1.288725944,-1.237722285,-0.359957742,-22.92888168,5.223013388,27.90876399,8,2
1031,103.58,202.61,95.825,-1.9672934,-0.31643817,-0.60507679,0.180746836,-0.979774201,-0.362301385,-14.41323138,-4.225709554,23.93286328,8,4
1031,103.28,194.04,90.136,-1.6725612,-0.18288454,-0.82346147,-0.129882815,-0.876327662,-0.47183796,-12.30027614,-7.175271403,20.4862747,8,4
1031,93.176,203.87,100.65,-1.7060879,-0.22288555,-0.86438751,-0.141578071,-0.982962947,-0.494452424,-14.03971924,-6.099502327,20.44678733,8,4
1031,91.576,197.22,99.197,-1.4692867,-0.39800632,-1.0110534,-0.206259847,-0.815183679,-0.597181654,-13.84909361,-6.980270291,18.09787179,8,2
1032,238.84,148.67,76.977,0.14688084,1.6443592,0.51390928,-0.898936306,-0.025342785,0.834831319,19.98029297,2.394154936,19.30100584,3,3
1033,187.17,180.17,33.745,-1.5714149,0.13830729,0.9015938,0.331091599,-0.884325881,0.184804787,-8.560370209,10.00291117,38.83982228,5,2
1033,181.38,170.16,36.059,-1.367757,0.10485991,0.69531417,0.181920199,-0.81393298,0.044175935,-6.656692712,9.186130108,38.38345906,5,2
1033,175.48,172.28,36.757,-1.153796,0.27279246,0.31531128,-0.194087546,-0.69578851,-0.051850378,-4.018174478,7.613446994,37.63924283,5,2
1034,140.97,199.71,71.44,-2.5643218,-0.19974114,0.16749056,0.84795703,-0.90406965,-0.056901412,-13.71411956,5.87222804,36.79710197,8,2
1034,129.72,190.6,73.941,-2.2311988,0.16727918,-0.02104325,0.469774548,-0.820673189,-0.124393985,-12.70030396,4.544570646,36.07184065,8,2
1035,184.26,179.23,71.139,-2.0982594,1.060248,2.063381,0.979634346,-1.216126988,1.075204988,-2.588130093,6.361688019,39.3379191,6,3
1035,181.8,173.65,71.712,-1.8914235,1.3642808,1.2327077,0.20510218,-1.289073,0.778849541,-0.323199394,3.002887215,35.75081557,6,3
1035,171.54,183.03,62.321,-1.8681024,0.86295182,1.3758075,0.496948677,-0.98744552,0.633945634,1.428946278,5.09945451,39.30857977,6,3
1035,167.43,180.45,73.758,-1.9634507,0.81426573,0.21182284,0.002690042,-1.00135525,0.106954708,-5.87228823,-1.28750548,33.03380544,6,3
1035,159.01,185.38,67.136,-2.300828,0.66906697,0.2666885,0.359746329,-1.101303683,0.136024084,-7.494742413,-0.402439584,33.56946951,6,3
1035,151.61,186.47,69.826,-2.1910996,0.51906115,0.2901319,0.42087258,-0.981030845,0.100303742,-7.873983849,-0.470572376,33.29875426,6,2
1035,143.49,186.66,72.72,-1.6534299,0.40241253,-0.058518041,0.033349928,-0.849296546,-0.112931854,-7.428704194,-3.237784664,30.0083485,6,2
1035,132.63,183.89,77.668,-1.3432438,0.25450602,-0.29344183,-0.28871033,-0.724961436,-0.308510099,-6.058177581,-9.226047212,22.308941,6,2
2001,123.23,81.345,67.32,2.6622651,-0.10285132,-0.015770407,0.372232734,1.539331621,0.188321181,3.439846026,12.76814559,-42.50871333,11,7
2001,127.8,91.209,63.704,3.0116618,-0.47138464,0.46275613,0.87452795,1.680407197,0.326189439,1.794424817,17.64430808,-44.20458077,11,7
2001,115.96,91.639,70.534,2.6869683,-0.34243602,0.064665355,0.541430162,1.535014648,0.129281106,2.540501278,12.78643266,-43.1839343,11,7
2002,194,135.27,95.516,0.093938701,1.4640666,-0.34831613,-0.950751658,-0.118096484,0.516941045,15.63964639,-13.40961655,11.01253364,1,8
2002,177.64,136.93,102.15,0.072004989,1.1996542,-0.7679534,-1.170094639,-0.127546819,0.257288884,13.50260775,-18.10028523,6.32138142,1,8
2003,199.42,107.75,120.23,0.71655405,1.596836,-0.032313339,-0.605692263,0.30976537,0.66292163,16.67154207,-9.860143362,3.430174278,1,6
2003,190.38,112.38,121.04,0.77029234,1.5078877,-0.31019321,-0.722888168,0.322044133,0.545215551,16.1867929,-11.55440838,1.759241468,1,6
2003,189.77,100.82,119.55,1.4163791,1.6011293,0.24389179,-0.084518896,0.513570741,0.715721474,18.04701815,-6.623139615,0.565212352,1,6
2003,185.43,104.27,115.64,1.0833849,1.4067627,-0.22426187,-0.551964277,0.490012284,0.480398784,16.74999153,-9.930643043,-0.277542194,1,6
2003,176.79,109.52,116.47,0.68813735,1.1827785,-0.65193003,-0.942726801,0.319913098,0.163756977,13.09156848,-16.88863972,-16.71074558,1,6
2003,170.18,105.38,115.09,0.68681496,1.0201794,-0.90534872,-1.082892945,0.289076318,-0.036993986,12.48029165,-17.97872856,-17.74340641,1,6
2003,179.13,101.29,114.92,0.96729046,1.1579,-0.46228045,-0.685697564,0.503335549,0.23216908,13.30549036,-14.98181181,-18.13566608,1,6
2003,174.73,96.616,114.65,0.96316922,0.99533665,-0.56207138,-0.73090449,0.489623795,0.077293218,13.85161878,-16.17614879,-19.48286686,1,6
2005,80.972,130.83,77.86,0.43502057,-1.2591367,-0.52296197,0.18324028,0.437460439,-0.689522905,-17.08327487,8.03023793,-19.33105821,16,5
2005,72.232,139.27,80.459,0.42540684,-1.7737094,-0.30446354,0.566876835,0.374163807,-0.813615489,-17.79916628,11.27929341,-19.16782946,16,5
2005,63.408,138.61,76.933,0.2506339,-1.4087452,-0.79424167,0.13892869,0.242554281,-0.953206504,-18.09696319,7.009511904,-17.84192472,16,5
2005,55.967,136.53,70.506,0.5671916,-1.848322,-0.82018584,0.329228392,0.415928279,-0.864765389,-17.5717549,8.780654968,-19.88813971,16,5
2006,169.73,117.12,29.259,1.0856318,0.2704238,0.27557939,-0.293699097,0.683119514,0.119284308,8.532592007,23.69442905,-16.5044762,9,1
2006,161.61,117.34,32.531,1.232278,-0.10596346,0.57444555,0.130431252,0.707733468,0.188056575,6.473012889,25.54483857,-19.83368168,9,1
2006,153.34,121.27,35.889,1.5011961,-0.80319512,1.0873817,0.883672982,0.799096014,0.227480393,2.111624013,27.32261407,-24.79644751,9,1
2006,151.84,113.38,29.044,0.97554553,-0.88771147,0.58039182,0.522094001,0.557035017,-0.163803766,2.843927532,25.20691356,-19.97023267,9,1
2007,166.32,109.04,25.172,1.2368929,-0.11740588,0.42012495,-0.088720598,0.819423342,0.0677627,7.052575355,24.7224894,-18.96367836,15,1
2007,147.19,103.84,33.171,1.0888467,-0.33609319,0.29313627,-0.051142435,0.725283793,-0.10467752,5.495267079,24.71459611,-18.43990691,15,1
2007,131.18,105.57,37.395,1.4093287,-0.77077645,0.61531812,0.462579905,0.94509287,-0.051585527,2.736139259,25.21246033,-23.30096627,15,1
2007,121.76,111.74,42.097,1.5579228,-0.9310897,0.73049134,0.690667047,1.033063895,-0.024963568,1.538359246,25.32065484,-25.67379348,15,1
2007,113.11,113.03,46.936,1.8925121,-1.4370903,1.2333905,1.292705344,1.194303251,-0.042389417,-2.541002074,23.91403614,-32.15289296,15,1
2007,104.54,114.97,46.552,2.0681841,-2.4096854,1.4676819,1.909155989,1.30923764,-0.2166874,-6.839411873,23.67154059,-35.29301301,15,1
2007,108.05,99.67,40.619,2.1968296,-1.6376226,0.92219847,1.26995859,1.440158065,-0.1210696,-3.742150314,21.8076277,-34.3327198,15,1
2007,99.016,96.181,40.56,2.3087878,-2.3875005,1.1217859,1.735988406,1.555799257,-0.291066152,-5.96778573,21.70047829,-36.57336761,15,1
2007,90.154,121.95,49.775,1.8285741,-2.8226488,1.0206544,1.870803521,1.152029159,-0.396288401,-8.368746669,22.69175937,-35.02502278,15,1
2007,78.992,123.12,47.801,1.6452612,-2.7265184,0.57631475,1.448883996,1.10286163,-0.417736918,-8.837771572,20.77125275,-34.0460182,15,1
2007,94.474,114.1,47.137,2.4359176,-2.8647263,1.6241257,2.418314346,1.531288813,-0.187723698,-7.234957224,24.63644331,-37.80180964,15,1
2007,90.887,103.76,43.259,2.6462326,-2.9563227,1.6206937,2.528560785,1.628620678,-0.102664272,-6.781758128,24.29149834,-39.78527561,15,1
2008,114.87,97.264,108.58,1.8170284,-0.047719151,-0.95103866,-0.459547599,1.158817996,-0.266193935,6.821417963,-2.985543644,-36.0404114,15,7
2008,108.37,94.429,81.479,2.146312,-0.53320807,-0.55657411,0.104465116,1.328183055,-0.246691106,2.734237997,3.713345261,-39.53291796,15,7
2008,100.28,97.956,108.14,1.6121553,0.081967913,-1.0824589,-0.731505643,1.080260064,-0.356637562,7.19422182,-7.066473616,-33.25978431,15,7
2008,102.54,82.524,99.554,2.0671949,-0.24800976,-0.57308668,-0.05906622,1.205868594,-0.162105255,5.191527288,2.544065001,-39.64221931,15,7
2008,104.1,83.951,79.987,2.1835263,-0.41424629,-0.44592771,0.121358534,1.315445541,-0.150914155,4.108564203,4.497052426,-39.87925028,15,7
2008,94.431,87.296,99.902,2.0113387,-0.27369437,-0.66639072,-0.117500902,1.155941556,-0.190973469,5.31692131,0.998030756,-38.3567103,15,7
2008,94.769,86.922,75.789,2.2851193,-0.87627673,-0.28819984,0.449988485,1.33954103,-0.26200364,1.290855693,6.866955424,-40.28411315,15,7
2008,86.891,102.47,108.91,1.5045424,-0.26136404,-1.1175486,-0.624074537,1.052526029,-0.523171443,5.356912536,-6.641479534,-33.49521883,15,7
2008,91.068,106.36,90.524,1.5465065,-0.59862369,-1.0952356,-0.380328597,1.085688479,-0.615566143,3.547597964,-4.480970761,-34.61191382,15,7
2008,83.497,93.506,98.54,2.200027,-1.1068695,-0.3801977,0.518423255,1.207237853,-0.345256321,0.331172371,5.665654172,-40.01097619,15,7
2008,85.833,94.622,78.99,1.797871,-0.90924555,-0.9028151,-0.015323582,1.170974454,-0.550008243,1.457917939,0.463076712,-37.0815877,15,7
2008,80.972,109.29,95.887,1.3852341,-0.87317449,-1.131974,-0.256660431,0.961893636,-0.737022639,1.586598959,-3.929349644,-35.0203274,15,7
2008,73.314,107.42,91.526,1.3135601,-0.85990804,-1.1448774,-0.250152809,0.87088724,-0.701362362,1.848288016,-4.728823873,-32.65534073,15,7
2008,76.473,98.28,85.072,1.9325863,-1.1116786,-0.65442264,0.295318937,1.162746768,-0.467776543,0.350707773,3.736752479,-38.33853949,15,7
2008,69.678,103.28,82.226,1.5729091,-1.5723426,-0.87158495,0.338406726,0.961144208,-0.764759919,-0.761363826,1.796948561,-36.68697361,15,7
2008,100.2,102.32,81.506,1.8810692,-0.67870694,-0.77170658,-0.031630597,1.178021282,-0.394580738,2.955024352,1.194101895,-38.07904281,15,7
2008,97.627,96.262,81.506,2.3644848,-1.146583,-0.081782125,0.707426163,1.272372025,-0.183552084,0.174213155,8.902320958,-40.86027492,15,7
2009,166.38,101.7,24.671,1.4356474,-0.23953862,0.77858531,0.261203468,0.909039787,0.180564064,5.203147524,25.50942082,-21.98246976,11,1
2009,129.29,84.321,37.261,2.5347803,-1.180027,1.4174728,1.501300394,1.531399269,0.197113804,-1.966826167,24.77663167,-35.93893789,11,1
2009,102.14,89.444,48.667,2.0979712,-1.4563935,-0.31791559,0.511998403,1.36643039,-0.463795632,-1.424287001,6.802123607,-38.28050358,11,1
2009,156.45,98.452,26.321,1.4922827,-0.5889712,0.91354358,0.591834183,0.865837636,0.138537634,3.650414152,25.86829272,-24.77377455,11,1
2009,162.79,89.803,25.612,2.0909472,-0.58729213,1.453729,1.199187575,1.14900914,0.414351104,1.374629358,26.30188707,-30.64973167,11,1
2009,149.87,94.931,28.58,1.9880151,-0.85722673,1.3174903,1.219331314,1.102294326,0.140498315,-0.380697262,26.22549721,-31.05586591,11,1
2009,146.23,86.874,30.633,2.6444826,-1.4176735,1.7713454,2.078036613,1.267815894,0.375337304,-3.167567131,26.98031967,-38.37971419,11,1
2009,139.65,94.892,33.069,1.9491374,-0.91272408,1.1388084,1.086188448,1.178793624,0.092875754,0.209768916,24.95903657,-29.50380551,11,1
2009,137.43,84.523,33.381,2.6713102,-1.6396401,1.6202903,1.945007028,1.563607611,0.206480359,-2.858301286,25.77165166,-38.39436397,11,1
2009,119.74,90.195,40.83,2.806201,-1.7963732,1.5365987,1.998218563,1.696793614,0.154690954,-4.068510484,23.98010424,-38.82774132,11,1
2009,119.01,79.643,40.312,2.984648,-1.8529061,1.5721887,2.038689652,1.829037565,0.296596915,-3.761340725,24.18951689,-40.92281425,11,1
2009,111.62,89.057,41.665,2.4901927,-2.2446129,0.94460237,1.596081852,1.573226516,-0.151109679,-4.519778014,20.51529771,-38.02152342,11,1
2009,107.47,80.097,45.601,2.4093766,-2.2289662,0.62508732,1.428655532,1.484463807,-0.203861005,-4.998416655,18.74766129,-37.32069859,11,1
2010,113.77,140.65,92.401,0.1864236,0.093748793,-0.93038136,-0.95162937,0.100409912,-0.462342153,-1.657487154,-21.73459245,-8.253785405,15,8
2010,107.87,133.71,72.841,0.27700958,-0.034858592,-0.94583642,-0.835096452,0.160984888,-0.519411694,-2.531895994,-21.37529843,-8.764618811,15,8
2011,59.772,128.08,48.535,0.79062676,-1.9327805,-0.63259411,0.300016255,0.607095765,-0.838414833,-16.37404649,9.152133091,-21.95016751,15,5
2011,48.894,130.67,54.497,0.85060328,-2.3019841,-0.16717987,0.845908032,0.678771906,-0.645397707,-15.41880072,13.09654296,-25.04529252,15,5
2011,52.408,119.32,65.447,0.84721398,-1.1858879,-1.1803273,-0.3202547,0.664668754,-0.791520662,-11.26586478,4.605667572,-26.1568096,15,5
2011,47.657,119.57,47.447,1.1516058,-2.1429305,0.046386093,0.726364892,0.825589007,-0.492983286,-13.61133198,13.2243368,-27.50716614,15,5
2011,71.392,120.2,42.85,1.3013879,-1.7570181,-0.048302427,0.434957309,0.894595545,-0.449286197,-12.67747774,10.68555817,-29.01609663,15,1
2011,65.322,114.39,51.254,1.2379258,-1.4204166,-0.68094832,-0.060252958,0.855912431,-0.568881975,-11.56645775,7.142962859,-27.13839472,15,1
2011,61.259,110.22,66.095,1.2313141,-1.6602128,-0.50045264,0.151080468,0.87720132,-0.59747278,-12.66731644,8.683987937,-28.29939776,15,1
2011,58.278,109,46.226,1.2865288,-1.6136569,-0.026797779,0.344046997,0.880057682,-0.456497552,-12.35055469,10.40500763,-26.75023104,15,1
2011,90.192,98.61,52.108,2.0313444,-2.1067185,0.01325316,0.960934542,1.409011314,-0.496566993,-6.437210945,15.163215,-35.00174425,15,1
2011,93.183,91.49,54.272,2.1597621,-1.9844153,0.14888546,1.035317132,1.417547227,-0.390619948,-5.869991696,16.02220702,-36.54743759,15,1
2011,82.655,92.051,54.625,2.1106725,-2.3490551,0.23982693,1.268962157,1.399965815,-0.407846693,-6.683838012,17.77981175,-35.55135616,15,1
2011,87.273,86.114,61.14,1.8129524,-2.4451368,0.026857847,1.152978472,1.116131306,-0.602469254,-8.21466792,16.34458924,-34.77155981,15,1
2011,81.698,107.98,55.509,1.4265302,-2.0930972,0.044450767,0.713999987,1.000272571,-0.482861025,-12.48035988,12.21541578,-29.33833972,15,1
2011,76.932,104.59,53.154,1.3823192,-1.7749987,-0.19303845,0.365979418,0.978790996,-0.531897805,-11.84218799,10.48790773,-29.3214784,15,1
2011,75.935,95.237,56.213,1.5407174,-2.2305198,0.054536514,0.868782998,1.054166405,-0.482628235,-11.02510526,13.71282797,-30.85227527,15,1
2011,70.235,101.26,56.704,1.4445864,-2.1554365,0.11035267,0.799909724,0.995789919,-0.43881314,-11.80358008,13.89157458,-29.5112229,15,1
2012,229.08,124.18,57.625,0.91866308,1.3227353,0.32916483,-0.794351431,0.503370158,0.651669785,22.0312599,9.919792763,0.381097521,10,9
2012,210.25,122.48,54.085,1.0108316,1.356451,0.53955096,-0.630047016,0.52800043,0.755898742,21.81374922,10.50809935,-1.23734623,10,9
2012,216.87,111.79,62.878,1.2742432,1.2181338,0.89483464,-0.235318685,0.714223664,0.819823743,20.56428687,12.50860935,-6.744969807,10,9
2012,200.01,121.43,54.813,1.0746692,1.3045439,0.705468,-0.500676174,0.588940705,0.809676711,21.16819939,12.1783352,-2.610172769,10,9
2012,190.37,117.74,54.414,1.2308817,1.0760027,0.9681952,-0.236735481,0.696189647,0.888153011,20.10823249,13.70980609,-4.514928275,10,9
2012,202.88,106.54,62.43,1.3825147,1.237494,1.0043557,-0.186417915,0.815397982,0.909929371,19.41189068,13.5089016,-7.714332127,10,9
2012,195.91,97.958,61.903,1.4700532,1.2153764,1.2716092,0.043547566,0.851674138,0.973098651,19.26419143,15.12653894,-9.511260709,10,9
2013,111.06,128.06,57.654,0.49436405,-1.6688051,-0.049536735,0.667650818,0.365485407,-0.460765179,-17.41072922,12.04390491,-20.93883153,16,5
2013,106.55,117.04,59.097,0.47279316,-1.6035384,-0.31822821,0.476269682,0.408981671,-0.822238819,-18.79092805,10.19936407,-20.17057279,16,5
2013,97.973,134.81,62.308,0.55805308,-2.5857325,0.17042392,1.299655718,0.43034513,-0.603368512,-18.82606094,16.32251279,-21.34459071,16,5
2013,95.785,123.44,58.142,0.48303738,-1.7586813,-0.27801859,0.591052831,0.423533047,-0.813758761,-19.75932169,10.48546365,-20.50398862,16,5
2013,83.398,140.87,61.223,0.48398682,-2.0185459,-0.1595324,0.776817764,0.398548202,-0.746529224,-19.17365441,13.28529742,-19.37128061,16,5
2013,82.957,131.58,54.721,0.60993993,-2.1585243,-0.09850312,0.865489829,0.482053386,-0.751822538,-18.89984138,13.37588485,-21.49779402,16,5
2013,71.612,137.73,50.426,0.62693447,-2.6435792,0.15068878,1.310385107,0.516391066,-0.588862127,-18.34106617,15.78248682,-22.38269405,16,5
2013,58.984,136.65,53.619,1.095919,-2.7094848,1.047829,1.662017748,0.810182125,-0.275258598,-10.68923191,21.45927724,-32.73839369,16,5
2014,229.95,133.08,65.206,0.1355021,1.5837221,0.988352,-0.511048143,-0.008528319,0.994290236,17.25610662,3.774076179,21.45479505,4,3
2014,204.78,134.28,59.309,0.51749736,1.4198838,1.3905017,-0.277887624,0.208673783,1.104277168,16.16579494,6.718663268,21.78992041,4,3
2014,191.3,134.7,57.545,0.81109196,1.3845943,1.0817075,-0.374185659,0.40413715,0.943179771,20.43249519,12.21511074,-0.965819387,4,3
2014,216.8,136.03,56.229,0.58313227,1.2144028,2.0508122,0.312703675,0.227118547,1.288553028,14.47806761,5.619053611,23.51157621,4,3
2014,216.34,129.13,66.912,0.13359927,1.5632762,1.2250493,-0.328017254,0.017130714,1.131998775,16.03182414,3.163548389,21.69956549,4,3
2015,181.08,92.94,30.402,1.8539106,-0.28570122,1.2467862,0.759247432,1.083723512,0.351600623,2.91958592,26.22276161,-27.97999529,11,1
2015,171.27,86.674,36.131,2.6162167,-0.2893841,1.740308,1.074488267,1.559578093,0.440837608,2.975223988,24.91010916,-40.44802881,11,7
2015,176.09,81.2,42.454,2.9407542,-1.1907096,1.8596792,2.086002559,1.460743199,0.638045117,-1.761454037,27.28304658,-40.58433026,11,7
2015,162.12,84.617,40.96,3.0382652,-0.47503945,1.7738968,1.367414999,1.804082691,0.532792552,1.267413141,25.04678939,-41.61284999,11,7
2015,163.46,76.86,42.942,3.4035425,-1.2144833,2.0982199,2.243030538,1.890219738,0.736676834,-2.105765685,26.887516,-43.13811693,11,7
2015,152.33,84.412,36.72,3.1284523,-0.67046285,1.5987725,1.321350703,1.849939321,0.367010456,0.946241538,23.28940516,-43.45397437,11,7
2015,152.23,75.717,40.995,3.2740381,-1.0348426,1.8358288,1.877116042,1.890869884,0.528807591,-0.908458408,24.82512023,-43.0765974,11,7
2015,139,86.432,49.559,3.0989647,-0.75347137,1.1270204,1.188581432,1.848846766,0.341759084,0.992813425,22.1724166,-43.60166215,11,7
2015,143.59,75.549,43.383,3.2223973,-1.0417793,1.5648599,1.652120874,1.884078432,0.476622961,-0.877557958,22.98744938,-43.50400399,11,7
2015,134.88,73.189,50.502,3.5823808,-1.5641659,1.7188263,2.357133469,1.923322227,0.680225909,-3.001870858,24.66750896,-44.14193748,11,7
2015,128.9,77.075,52.656,3.1795805,-0.84105414,0.84487677,1.273977267,1.740420077,0.416482414,0.421514514,19.75226122,-44.43311979,11,7
2015,121.01,78.777,53.049,2.5971446,-0.18031318,0.27602917,0.514041533,1.438298896,0.212823105,2.220098447,11.39949249,-42.7134983,11,7
2015,116.13,73.443,58.298,3.0152321,-1.4730275,0.79579502,1.634488013,1.450989476,0.196194945,-2.379994065,18.02406701,-41.7396667,11,7
2015,104.21,86.183,61.557,2.2234163,-1.0905846,-0.22311909,0.484540078,1.429371808,-0.331514744,-0.318812046,7.489345559,-39.1828412,11,7
2015,103.71,77.951,66.65,2.5458529,-1.3653936,0.39010796,1.043692977,1.425318917,-0.005705333,-0.982305642,13.36451756,-41.44766545,11,7
2016,138.91,114.04,40.848,0.64328128,-0.66309488,0.33169326,0.101888876,0.520867623,-0.319361186,4.49304263,23.79001368,-17.85005135,9,1
2016,123.59,118.61,52.896,0.5703299,-0.71712101,0.3892484,0.180098523,0.444290672,-0.296364061,3.036337921,24.34758673,-17.05793111,9,1
2017,145.29,136.31,117.86,-0.090791382,0.84622687,-1.0547884,-1.361064347,-0.224461214,-0.198306476,7.767565098,-23.3235711,-0.71237626,2,8
2017,136.51,135.99,126.92,-0.10640087,0.78841954,-1.1291572,-1.470027627,-0.19768667,-0.32030218,7.834990477,-23.78733909,-2.643081638,2,8
2017,127.18,135.99,127.18,0.003096204,0.65738523,-1.1024398,-1.297480899,-0.085570857,-0.317187913,6.902575564,-23.36497288,-4.253649675,2,8
2017,121.77,131.99,117.93,0.24475189,0.60300648,-1.2338722,-1.342449504,0.145319894,-0.373468839,6.081699579,-23.09879333,-8.611506342,2,8
2018,189.57,98.562,86.546,2.0487404,0.97011715,0.42578825,-0.125469184,1.195975444,0.655360331,17.58422034,10.42490895,-16.46697359,12,6
2018,181.08,93.965,85.086,2.1955068,0.45516869,-0.12236985,-0.188986136,1.291078475,0.250001047,9.017810272,4.610248848,-36.05117999,12,6
2018,193.3,85.363,83.665,1.9581879,1.0611196,0.26726753,-0.173211749,1.07914159,0.659187487,16.71044835,9.213852757,-18.3461313,12,6
2018,185.55,83.34,75.204,2.075582,0.39555791,-0.31892222,-0.336704861,1.273060841,0.147267203,8.212251634,1.912726458,-36.02264083,12,6
2019,224.87,95.073,65.704,1.1005037,1.1000564,0.50335407,-0.433340894,0.646618702,0.609576531,21.06226879,11.00918028,-5.320670202,10,9
2019,207.05,90.245,62.662,1.4900653,1.1997709,0.74489766,-0.169286638,0.835995427,0.723070474,20.22242151,12.51902584,-9.5329868,10,9
2020,212.06,94.591,79.333,1.611657,1.3091769,0.64865255,-0.211368953,0.898684609,0.694154032,19.4827172,10.6132804,-11.3304484,10,9
2020,202.18,96.932,81.394,1.7289016,1.1674743,0.49285719,-0.246764807,0.977921577,0.588433938,19.2010983,11.00938203,-12.2595957,10,9
2020,219.43,86.766,75.066,1.648728,1.0937234,1.1817819,0.176538305,0.842399136,0.785361227,19.25088093,13.21906648,-11.4583676,10,9
2020,213.09,84.04,78.494,1.8959228,1.1218052,1.2599415,0.42314869,0.924809221,0.865306988,18.56580921,14.7734813,-13.75479982,10,9
2020,207.45,83.106,80.299,1.7336349,0.99690014,1.2711662,0.315832983,0.885173465,0.799821863,17.60173554,15.22068464,-12.84790283,10,9
2020,200.94,84.667,83.83,2.0007901,0.9356426,1.2159245,0.406280405,1.016066437,0.778967661,19.10866218,14.35670183,-14.75394101,10,9
2021,85.705,133.68,72.908,0.39242139,-1.5120476,-0.57896161,0.271780815,0.371705734,-0.888727639,-18.73421843,8.497862662,-19.49158856,16,5
2021,70.448,136.16,66.147,0.53222102,-1.9286941,-0.24018064,0.676253066,0.447764595,-0.759248984,-18.0145374,11.98596585,-21.48282152,16,5
2021,56.225,130.98,56.995,1.0413542,-2.0878327,-0.17572619,0.66398551,0.74878794,-0.461313037,-14.68887167,12.27890562,-26.30460728,16,5
2022,122.44,124.34,137.14,0.41261241,0.69787627,-1.223886,-1.50855579,0.22052138,-0.407474056,10.47112585,-22.66862955,-14.77842369,12,7
2022,123.22,111.39,125.2,0.70219189,0.66446161,-1.2175078,-1.499400846,0.474875564,-0.426850203,11.96590165,-22.06710342,-20.36111929,12,7
2022,135.38,96.199,119.08,1.106613,0.64528114,-0.94293463,-0.99361085,0.613131652,-0.251363697,11.12767014,-15.73573864,-24.47158415,12,7
2022,126.72,101.13,117.83,0.97776133,0.63931966,-1.1627839,-1.213790342,0.603647208,-0.33488815,10.59505917,-17.67356921,-23.93237329,12,7
2022,154.23,93.681,89.623,2.206279,0.15413147,-0.56075776,-0.092978254,1.075325041,0.007230142,7.268057669,2.495545124,-40.50523685,12,7
2022,162.34,81.311,85.939,2.2012284,0.18016258,-0.56052411,-0.098238175,1.026291058,0.032337569,7.899508334,1.58814783,-40.31985785,12,7
2022,142.2,88.928,116.46,1.2673063,0.62034458,-0.7680735,-0.755188787,0.642775265,-0.180490176,11.51104047,-14.25833406,-25.47031162,12,7
2022,148.33,84.602,111.1,1.760244,0.58219969,-0.61314958,-0.386145082,0.82418392,-0.055903103,9.39978348,-3.537001402,-39.44743018,12,7
2022,160.52,72.792,90.322,2.7018685,-0.15741411,0.46070287,0.812809083,1.078234526,0.295606427,4.083179482,11.47338804,-47.54917833,12,7
2022,153.25,74.956,90.917,2.4176619,0.042776003,-0.11714048,0.313336667,1.048815107,0.12163682,6.207950938,7.434896347,-43.69497037,12,7
2023,164.78,138.31,105.59,-0.003349069,1.010694,-0.92085719,-1.188732639,-0.188334096,0.101035659,11.93409537,-20.1170198,4.253017487,2,8
2023,150.32,138.88,100.81,-0.025683045,0.82971019,-1.1067213,-1.363265627,-0.192373281,-0.177032397,7.022016197,-23.83001984,-2.027145211,2,8
2023,138.12,138.55,100.91,0.11254805,0.63942951,-1.1943953,-1.370380303,-0.000214349,-0.346868229,4.993716862,-23.43692606,-6.29204308,2,8
2023,126.35,138.61,101.38,0.11276647,0.41694,-0.95480722,-1.014788604,0.012732052,-0.310734558,0.615347793,-22.92608425,-7.297292483,2,8
2024,139.11,126.36,133.69,0.10993421,0.83119237,-1.2164849,-1.652756757,-0.005991437,-0.389188248,10.32043525,-23.9377412,-8.32680341,12,8
2024,146.07,118.44,124.65,0.39675739,0.86464232,-1.1048789,-1.42552819,0.138163648,-0.233844765,11.09469414,-22.30588401,-12.2298018,12,6
2024,137.17,113.69,121.61,0.62155116,0.68948203,-1.231934,-1.50921666,0.384326127,-0.419092998,10.30203115,-22.38367273,-17.91451349,12,7
2024,155.6,110.98,118.22,0.63196105,0.89061826,-1.0104814,-1.22973221,0.269663946,-0.13239733,12.05222883,-18.97504804,-17.60704699,12,6
2024,157.34,101.59,117.86,0.86035919,0.8808192,-0.96192622,-1.105634565,0.427018586,-0.120530652,11.93392358,-17.52950927,-20.23605171,12,6
2024,149.92,99.432,114.6,1.0044535,0.7625522,-0.97046942,-1.072876908,0.54979246,-0.202712448,11.8616095,-17.45397547,-22.70454804,12,7
2024,143.66,104.92,116.52,0.90307778,0.68237549,-1.1352949,-1.223425642,0.526002036,-0.307821631,11.30203381,-18.54912042,-21.68619517,12,7
2024,180.96,83.755,91.101,2.2319663,0.48501715,-0.082036957,-0.121297864,1.245031618,0.283748792,8.164037621,4.497248665,-35.20179308,12,6
2024,173.18,87.97,75.409,2.3234131,0.41831729,0.056269277,0.086441731,1.269194565,0.31478484,7.91523128,6.754901657,-37.14193282,12,6
2024,179.64,77.158,89.86,2.0603709,0.25244713,-0.65013522,-0.404864057,1.285395518,-0.028930861,8.002691554,0.73986947,-35.84399893,12,7
2024,172.33,78.565,91.307,1.8446039,0.16858605,-0.78731471,-0.392132591,1.108033075,-0.142498451,6.932469987,-1.746565946,-37.33858971,12,7
2024,167.83,94.759,112.83,1.05761,0.95554262,-0.6623649,-0.785354184,0.537276116,0.038380758,12.25354832,-15.28578429,-20.24574628,12,6
2024,168.48,94.983,78.491,2.1914926,0.61454022,-0.10072944,-0.033942517,1.127608346,0.347641539,9.306015304,5.179395421,-37.3889335,12,6
2024,159.62,91.768,112.24,1.0914346,0.73409301,-0.96460307,-1.009503023,0.597657817,-0.184428596,10.62163897,-15.94998044,-23.45332414,12,7
2024,165.4,85.822,101.6,1.3587344,0.51388395,-0.94321132,-0.83006723,0.811497046,-0.204933949,9.980939762,-12.65966474,-27.79683211,12,7
2025,113.36,136.5,115.92,0.21339011,0.32481441,-1.1177592,-1.091895704,0.124038128,-0.428410732,1.020670037,-22.4418349,-8.538462061,15,8
2025,103.44,140.56,109.39,0.036524531,0.30755234,-1.2391742,-1.202370587,-0.038101875,-0.551587988,1.589988765,-22.95254263,-6.429144877,15,8
2025,100.34,137.22,85.265,0.20889953,-0.1443806,-0.90027374,-0.71180281,0.111318766,-0.565087444,-4.289774396,-20.20099173,-8.482643163,15,8
2025,105.08,129,85.858,0.26007181,-0.10305776,-1.1420476,-0.916829795,0.174882665,-0.676687254,-3.819212384,-19.93027592,-9.999927654,15,8
2025,79.048,138.52,94.038,0.21345575,-0.33349881,-0.90834534,-0.636636604,0.159128199,-0.671429683,-5.433735056,-19.74158302,-9.787960877,15,8
2025,92.887,126.53,77.737,0.41894302,-0.37781778,-1.1257312,-0.715604809,0.305764322,-0.764218831,-5.458166392,-17.77006809,-11.00710239,15,8
2025,79.172,127.17,83.004,0.3672961,-0.5216924,-0.99154687,-0.525796868,0.311219895,-0.762799311,-6.708701439,-17.13189379,-10.80440676,15,8
2025,89.777,139.73,101.89,0.083635092,-0.24848065,-0.83660746,-0.607040404,-0.00639563,-0.595437448,-5.368020596,-19.84838965,-7.08059242,15,8
2025,90.34,141.44,86.518,0.21904299,-0.51055211,-0.52002013,-0.248625141,0.207142008,-0.488519732,-6.308879932,-19.1415609,-8.986764423,15,8
2026,202.32,134.82,80.24,0.24729514,1.4661939,0.3446638,-0.621482192,0.039319679,0.741260534,17.26838576,-4.729046131,16.48670657,4,3
2026,211.56,134.67,80.291,0.26090133,1.3109447,1.4966438,0.025453088,0.068987835,0.946465276,14.55378409,-0.057057469,21.85074437,4,3
2026,210.67,128.8,82.476,0.03916952,1.4289337,0.55450404,-0.495712814,-0.095555577,0.823735598,16.34671065,-4.469172593,18.04678817,4,3
2027,242.62,115.98,77.655,0.36106548,1.5886945,0.24235611,-1.062258889,0.040217685,0.66885075,21.26566252,2.704756682,16.0095013,1,9
2027,239.23,107.86,75.21,0.51274794,1.5978161,0.6040417,-0.663093377,0.142139877,0.89708799,19.96436893,2.235117675,14.2918734,1,9
2027,229.15,120.24,104.29,0.37862554,1.5466745,0.8061226,-0.560993295,0.059030757,0.93622575,18.82532617,0.970463741,14.45276237,1,9
2027,235.03,113.42,91.714,0.37108028,1.5997539,0.43918711,-0.865089959,0.046470995,0.789307888,20.46309203,2.086621298,15.90118562,1,9
2027,221.21,114.03,106.32,0.56180942,1.6135838,0.84543061,-0.437792882,0.219914508,1.022408949,18.59308385,-1.574586166,10.38190118,1,9
2027,227.47,105.29,97.449,0.55252856,1.5910261,0.85430413,-0.55123032,0.166235391,0.967268883,19.60688324,0.68748574,12.47858154,1,9
2027,235.21,100.2,78.37,0.68777043,1.5173689,1.0997561,-0.37147689,0.259932673,0.990735124,18.91017474,1.657500432,11.73931124,1,9
2027,229.34,94.527,85.233,0.79171187,1.5029782,1.2237749,-0.18830041,0.304437966,1.06736018,18.84481194,0.516148088,8.986781326,1,9
2027,207.3,114.07,107.61,0.54783118,1.607572,0.58998996,-0.539482618,0.224481082,0.964743337,17.96665244,-4.121086658,8.747594476,1,9
2027,211.89,105.98,109,0.66201162,1.6313423,0.72233903,-0.4146376,0.303225441,1.019704575,18.51246668,-3.051267503,7.904397993,1,9
2027,219.77,91.106,94.396,0.95219761,1.6130688,1.2379516,0.050371775,0.451028437,1.135267498,18.62505788,-1.282033509,4.914108714,1,9
2027,213.3,97.183,102.75,0.86074042,1.6318531,0.89472395,-0.25014969,0.435365187,1.046471879,18.78161903,-1.778329726,5.891221899,1,9
2027,198.69,100.96,110.58,0.87255299,1.6267564,0.71077454,-0.332553992,0.449766844,1.016331378,18.14119416,-4.315550335,5.131974661,1,9
2027,184.53,96.488,107.18,1.2242249,1.6033322,0.38707334,-0.30262714,0.591300498,0.829140905,17.91424302,-5.384698098,2.391835174,1,6
2027,200.96,90.803,104.49,1.0505179,1.6254147,0.93396878,-0.063830066,0.549513011,1.083275373,18.64319388,-3.002985929,3.063057142,1,9
2027,187.6,89.45,106.17,1.470495,1.5137647,0.34034544,-0.198951486,0.693136343,0.765865403,17.9460163,-4.748479798,0.149896415,1,6
2028,246.36,124.67,88.293,0.004789456,1.6540853,0.441459,-0.933374394,-0.116490391,0.866550839,19.11811623,0.200945612,19.70152511,1,3
2028,237.33,130.45,90.537,-0.009900299,1.6373186,0.40840274,-0.924248057,-0.116487573,0.887484583,18.88496562,-2.061373763,18.48092841,1,3
2028,227.29,131.08,99.405,-0.062988624,1.5810474,0.29182202,-0.904017074,-0.170740538,0.870652617,17.70509734,-5.165669059,17.31926141,1,3
2028,207.74,136.8,109.44,0.21715471,1.4482145,-0.22477759,-0.777712479,-0.02351633,0.570506337,14.99392877,-12.62541516,8.429364759,1,8
2028,211.66,122.58,110.43,0.30714449,1.5177015,0.16368774,-0.75041626,0.023465444,0.82076715,16.19633317,-9.686457982,9.982315242,1,9
2028,203.05,129.23,113.73,0.22027577,1.4458617,-0.32492951,-0.940485372,-0.002057267,0.579079136,15.29921446,-14.16026134,6.966714598,1,8
2028,192.79,135.15,117.67,0.061219774,1.3490297,-0.53164434,-1.044316641,-0.119332459,0.441178766,14.53542183,-15.81751053,8.024631392,1,8
2028,191.64,123.72,122.45,0.48956501,1.5040935,-0.33626893,-0.865043572,0.200582087,0.558390038,15.63081293,-12.70352283,4.39737493,1,6
2028,179.59,120.39,126.24,0.60234433,1.3644291,-0.5802567,-0.951456162,0.250564718,0.390320192,15.43660499,-13.53984346,0.767584599,1,6
2028,156.5,134.28,122.54,-0.020139758,0.92173237,-1.0968724,-1.463306465,-0.160996072,-0.154913132,9.130882011,-24.00465288,-2.017684625,1,8
2028,168.35,119.56,129.44,0.48711261,1.1460097,-0.81177264,-1.131963129,0.185509969,0.103040239,12.69598976,-18.37466575,-14.99471893,1,8
2028,157.93,117.76,130.99,0.45809498,0.95258522,-1.0005982,-1.29242297,0.171592085,-0.104485055,12.07722455,-19.5912737,-15.22568565,1,6
2028,227.03,136.94,89.31,-0.096262343,1.4869354,0.95904517,-0.326381744,-0.142193008,1.042590984,14.83053375,-3.125790307,20.90261013,1,3
2028,222.9,133.32,78.732,0.000816685,1.5299032,0.95919925,-0.376036645,-0.078219551,1.034135044,15.80329175,-1.439999342,20.09240839,1,3
2028,218.2,133.66,110.97,-0.001151164,1.4591098,0.67853892,-0.486081436,-0.117292436,1.002076954,15.19788594,-4.248981449,18.5379502,1,8
2028,216.53,131.69,86.613,0.048199203,1.4666879,0.24378067,-0.742340952,-0.133306075,0.788945399,16.35189271,-7.290014136,15.47209729,1,8
2028,179.96,135.96,125.54,-0.040532112,1.1368955,-0.69341886,-1.008705673,-0.19820375,0.25665405,11.64923563,-18.74611068,4.600923707,1,8
2028,181.01,133.49,111.42,0.11447307,1.3074452,-0.49331963,-0.907687676,-0.10468486,0.463260751,13.61006829,-15.44105938,6.362701244,1,8
2028,171.44,133.86,128.11,-0.019155957,1.0759455,-0.83024657,-1.111431331,-0.175234446,0.151364748,10.65103595,-20.4095505,2.660412685,1,8
2028,165.48,133.25,126.56,0.029289633,0.97147477,-0.9690817,-1.188264678,-0.132866562,0.024470575,9.976946994,-21.6784744,1.133625506,1,8
2029,104.61,130.65,127.5,0.62619609,0.40060166,-1.1829079,-1.195246032,0.341272392,-0.465924305,8.463507576,-20.85735702,-17.15071391,15,7
2029,97.989,136.16,120.88,0.33955762,0.3035391,-1.1467426,-1.167484254,0.177767427,-0.52639914,7.365657247,-21.26351223,-15.35086499,15,7
2029,92.506,124.21,120.72,1.0320076,0.11800659,-1.1212479,-0.914791432,0.647674819,-0.494163791,7.732205944,-13.11945349,-27.69402381,15,7
2029,89.632,118.84,105.04,1.1791534,-0.41426471,-1.2461959,-0.660875952,0.825312883,-0.715039155,4.187091355,-7.861201255,-31.91493446,15,7
2029,111.26,123.04,123.55,0.90025526,0.53109211,-1.2190143,-1.256873858,0.58777488,-0.403821854,10.20107463,-19.01129524,-22.08791297,15,7
2029,114.82,111.69,109.77,1.2532998,0.3976326,-1.126168,-1.041365401,0.80485295,-0.35500188,9.39798905,-15.10366158,-26.97104716,15,7
2029,102.74,111.16,116.81,1.2721533,0.32414261,-1.032433,-0.919752006,0.798761026,-0.323712342,9.711427557,-13.10665352,-27.72821124,15,7
2029,98.061,115.27,104.39,1.2130146,0.022866188,-1.1438372,-0.885380498,0.846254679,-0.514264422,7.366452053,-11.11256572,-29.80312243,15,7
2029,82.497,134.78,109.02,0.50866169,0.007420629,-1.2322809,-1.035033519,0.298720989,-0.636871202,6.522502347,-20.23734525,-17.50094667,15,7
2029,72.163,134.88,99.358,0.48307091,-0.44389924,-1.2844552,-0.787582931,0.388540922,-0.875741658,-7.92207792,-12.94898862,-13.42461576,15,7
2029,74.998,122.08,103.94,1.2197334,-0.55815333,-1.1918103,-0.510745934,0.805988825,-0.69045208,2.500525339,-6.799215252,-32.76175563,15,7
2029,76.997,115.32,88.954,1.1240846,-0.94426829,-1.1517869,-0.289617296,0.803378547,-0.827562298,1.291870818,-5.34106484,-33.57727912,15,7
2029,58.571,132.76,90.485,0.079229638,-0.92935461,-1.2891895,-0.514107989,0.13419134,-1.084681237,-11.89903886,-11.32636398,-9.958734042,15,5
2029,51.197,128.82,80.63,0.32942256,-1.0256127,-1.3297039,-0.440110856,0.309741433,-1.009083256,-11.02782913,-9.530638035,-12.63025343,15,5
2029,66.243,114.48,85.991,0.89982605,-1.1209905,-1.1332415,-0.219023887,0.701758388,-0.908137215,-0.184686716,-4.880722681,-32.10406099,15,7
2029,59.538,118.44,88.883,0.65880919,-0.85584289,-1.3426828,-0.547811864,0.538696198,-0.957220522,-9.850258182,-9.133665324,-15.21313829,15,7
2030,193.18,97.036,42.175,1.3880771,0.59943718,1.6185585,0.352863478,0.687082888,0.865079101,17.54696463,19.24859994,-9.678185123,11,9
2030,185.45,101.08,39.361,1.0706129,1.0577558,0.50252819,-0.537012712,0.612880837,0.60744244,21.87050797,11.55554902,-1.345894492,11,9
2030,179.76,94.103,45.762,1.8945082,0.48565534,1.377359,0.37660529,1.022662043,0.690206718,8.165817382,24.13723552,-36.25437071,11,7
2030,186.45,86.982,51.925,3.1737571,-0.039975051,1.8793497,1.796435175,1.160895405,1.008570952,-0.312734357,28.31729491,-41.59286626,11,7
2030,171,92.635,50.433,2.0595326,0.35261849,1.3499571,0.425163431,1.148273977,0.525386656,7.548891229,23.86490459,-37.98091528,11,7
2030,162.57,89.427,57.926,2.4792285,0.41380632,1.3892505,0.60208088,1.2513294,0.311775046,7.226410671,22.46960653,-40.26191595,11,7
2030,176.42,83.16,58.561,2.5133791,0.40369666,1.7011268,0.90653376,1.254253957,0.486517038,5.852231357,23.23126005,-40.25452317,11,7
2030,167.01,78.367,64.687,2.9166219,-0.12064566,0.88470525,1.018205047,1.261209699,0.380769259,5.321126646,18.42398031,-44.65384164,11,7
2030,154.85,85.57,59.309,2.7672973,0.28793997,0.99427205,0.719208822,1.286096254,0.330827162,6.667250061,20.06820582,-41.71304729,11,7
2030,147.94,91.415,59.233,2.8420789,0.26275209,1.128683,0.848913079,1.337652897,0.198327709,5.943058337,21.84202853,-42.61892363,11,7
2030,158.5,75.391,66.098,2.8768828,-0.17559062,0.40757421,0.84048946,1.255365411,0.249981559,6.173620723,15.83601842,-44.20796731,11,7
2030,150.55,73.398,66.432,2.9991212,-0.34077895,0.64622134,1.09626053,1.28701233,0.298969029,5.120502606,16.66344856,-46.52383121,11,7
2030,133.8,93.438,68.218,2.657424,-0.14678591,0.042510912,0.496194419,1.204163852,0.171518826,7.294327958,12.54086004,-44.05637954,11,7
2030,137.57,83.991,67.334,2.8032017,-0.22565055,0.21951243,0.714851309,1.219816677,0.236328508,6.361261059,14.59497381,-45.58367403,11,7
2030,140.48,73.564,68.985,2.9594824,-0.42799589,0.44168484,0.980376639,1.286984486,0.302075197,4.565699323,16.45811888,-46.28698969,11,7
2030,127.24,72.751,72.115,3.0047293,-0.5395869,0.57624739,1.060383051,1.419793345,0.39344804,2.979352919,16.25277736,-45.85228596,11,7
2031,138.43,92.442,88.1,2.2902155,0.1764625,-0.43051732,0.071344695,1.054648312,0.041439213,8.183123658,4.846398562,-42.69236416,12,7
2031,121.53,94.55,95.911,1.6589817,0.25821555,-0.97024465,-0.720163647,1.041652861,-0.23556274,9.021887877,-7.263374131,-33.80601194,12,7
2031,114.27,85.426,97.444,1.736504,0.14728716,-0.99979174,-0.641859581,1.128128015,-0.236866511,7.836059734,-5.17883555,-35.0410447,12,7
2031,130.1,103.49,86.547,1.9188895,0.41383669,-0.72494906,-0.413681786,1.000498801,-0.100652247,9.393445716,-3.073547724,-38.55210689,12,7
2031,129.95,93.626,92.431,2.1981487,0.073083751,-0.50994122,-0.060096233,1.133610353,-0.03866847,7.944268409,2.752260315,-41.16320313,12,7
2031,144.4,82.974,92.523,2.5664639,-0.046436097,0.13128994,0.515700247,1.082312324,0.169814208,6.434999224,9.721519795,-45.52862647,12,7
2031,144.87,76.799,95.977,2.888665,-0.25186023,0.68447292,1.093210142,1.112922295,0.336544522,4.429746778,14.00571189,-47.73160476,12,7
2031,132.74,82.33,100.02,2.3782928,-0.1006266,-0.092417158,0.290618477,1.157860369,0.061976377,6.416688719,7.159698467,-43.05276464,12,7
2031,134.29,76.419,95.408,2.6876402,-0.24209276,0.43592444,0.747917676,1.282836921,0.22361439,4.106748051,12.1617159,-45.28704156,12,7
2031,123.62,79.047,103.35,1.9922645,0.10551631,-0.46674609,-0.199009124,1.153033069,-0.056369842,7.697711459,0.992960118,-38.81901775,12,7
2031,123.58,75.447,87.214,2.5253851,-0.10677902,0.20575809,0.474888659,1.241563994,0.176279341,4.522371837,10.66831047,-43.4583869,12,7
2031,113.87,79.105,97.312,2.2530382,-0.12931438,-0.24528156,0.160313911,1.18917052,-0.004853795,5.719372441,5.443399816,-40.98337371,12,7
2031,114.97,76.511,80.775,2.6466558,-0.20468339,0.35815901,0.605079874,1.357077571,0.215035135,3.751304788,13.45782272,-43.80157169,12,7
2032,242.96,128.21,67.705,0.18872432,1.6509987,0.40830988,-1.039124185,-0.009063361,0.773910479,20.74815028,2.314343656,18.48267041,3,3
2033,177.94,112.5,33.549,1.0285174,0.46304047,0.088906318,-0.569367241,0.681116891,0.081774594,9.280442657,23.16970237,-14.78766106,9,1
2033,186.44,108.34,31.355,1.1467503,0.21833335,0.4041425,-0.181410339,0.703080662,0.195152308,7.776202016,24.77323486,-17.59129261,9,1
2033,187.98,103.35,30.778,1.771349,-0.027247867,1.3176349,0.734439287,0.897423554,0.54986184,4.043057647,26.79510519,-26.51910399,9,1
2034,144.68,92.868,74.927,2.4380615,0.15671621,-0.14583722,0.24361708,1.151663139,0.115771141,8.594314541,9.299989215,-43.63049647,11,7
2035,187.02,106.9,63.04,1.7007989,1.2561074,0.85096842,-0.112705573,1.037524944,0.809374661,18.53892427,13.15240686,-11.52585909,10,9
2035,191.5,99.818,71.191,1.7872795,1.1927794,1.0786773,0.192428841,0.993629578,0.856122696,19.52553257,14.68448621,-13.31490196,10,9
2035,176.29,102.21,63.545,1.2705436,0.80480522,0.12800965,-0.433345491,0.786224148,0.219282744,20.84456088,10.042085,-7.785695664,10,9
2035,180.75,96.091,63.563,1.3901387,0.67753583,1.6471001,0.320942219,0.662904277,0.851196022,18.16100287,17.96719235,-9.740589072,10,9
2035,167.54,99.317,67.662,2.0614474,0.40353599,1.1932365,0.422560498,1.055491103,0.50717736,17.59576686,15.47364216,-16.12700374,10,9
2035,160.19,100.65,68.342,2.2612004,-0.013872293,0.71013665,0.538249754,0.905655383,0.222214695,7.29160367,9.458884152,-44.34011018,10,7
2035,152.52,101.44,71.753,2.5629575,-0.13810439,0.63878536,0.763702977,1.153308186,0.167984241,6.343135505,12.39128024,-45.44940805,10,7
2035,143.97,104.37,76.908,2.2005715,0.005319633,-0.016177129,0.241598108,1.062573152,-0.008664765,8.628984563,6.496538308,-43.60251112,10,7